1109;ANDRIAMBOLA;Feno Corentin;CHEF DE GROUPE;GROUPE 01;ANTSIRABE;
1113;ANDRIANIRINA;Anil Justel;CHEF DE GROUPE;GROUPE 01;ANTSIRABE;
1118;FANOMEZANTSOA;Harivonjy Roger Christian;CHEF DE GROUPE;GROUPE 01;ANTSIRABE;
1121;HASINIAINA;Andrianina;CHEF DE GROUPE;GROUPE 01;ANTSIRABE;
1126;NOMENASOATAHINA;Tantely Hajaina Berthini Albert;CHEF DE GROUPE;GROUPE 01;ANTSIRABE;
1132;RAKOTONDRAJAONA;Sandratra Jérémi;CHEF DE GROUPE;GROUPE 01;ANTSIRABE;
1133;RAKOTONDRAMANGA;Savarahona Mendriky Ny Aina T;CHEF DE GROUPE;GROUPE 01;ANTSIRABE;
1134;RALAIMARO;Mandresiarisoa;CHEF DE GROUPE;GROUPE 01;ANTSIRABE;
1301;NANTENAINA;Louise Alphonsine;ELEMENTS ;GROUPE 01;ANTSIRABE;
1303;NOMENJANAHARY;Lovatiana Lydia;ELEMENTS ;GROUPE 01;ANTSIRABE;
1309;ANDRIAMANANTENAINA;Sambatra Dera Jonhson;ELEMENTS ;GROUPE 01;ANTSIRABE;
1313;ANDRIANTSOA;Tiana Patrick;ELEMENTS ;GROUPE 01;ANTSIRABE;
1314;ANDRINIRINA;Rajoniaina;ELEMENTS ;GROUPE 01;ANTSIRABE;
1315;ANDRITIANA;Zanah;ELEMENTS ;GROUPE 01;ANTSIRABE;
1317;HARIVONY;El-Assard;ELEMENTS ;GROUPE 01;ANTSIRABE;
1320;NANTENAINA;Nelson Jean de Dieu;ELEMENTS ;GROUPE 01;ANTSIRABE;
1325;RABETAFIKA;Fidèle;ELEMENTS ;GROUPE 01;ANTSIRABE;
1326;RAFENOMANANA;Johnny;ELEMENTS ;GROUPE 01;ANTSIRABE;
1327;RAKOTONDRAPARANY;Fanambinantsoa Honoré;ELEMENTS ;GROUPE 01;ANTSIRABE;
1329;RANAIVOJAONA;Lovaniaina;ELEMENTS ;GROUPE 01;ANTSIRABE;
1330;RANDRIAMBOLOLONA;Safidinirina Toky Mickael;ELEMENTS ;GROUPE 01;ANTSIRABE;
1333;RANDRIANANTENAINA;herimampionona;ELEMENTS ;GROUPE 01;ANTSIRABE;
1335;RANDRIANASOLO;Andréace Aimélin;ELEMENTS ;GROUPE 01;ANTSIRABE;
1337;RASOLOFONIRINA;Ravoheriniaina;ELEMENTS ;GROUPE 01;ANTSIRABE;
1338;RATAHINJANAHARY;Tafitasoa Richard;ELEMENTS ;GROUPE 01;ANTSIRABE;
1339;RATODISON;Yono Savio;ELEMENTS ;GROUPE 01;ANTSIRABE;
1341;RATSIRINDRAINONY;Mminiaina Achille;ELEMENTS ;GROUPE 01;ANTSIRABE;
1347;SHU ADELIN;Jacquino;ELEMENTS ;GROUPE 01;ANTSIRABE;
1350;ZENEDINE;Zidane Final;ELEMENTS ;GROUPE 01;ANTSIRABE;
1404;ONISOA;Larine Balisà;ELEMENTS ;GROUPE 01;ANTSIRABE;
1405;RANDRIAMAMPIONONA;Shinay Carrina;ELEMENTS ;GROUPE 01;ANTSIRABE;
1406;RIVONJARASOA;Jeannine Joselah;ELEMENTS ;GROUPE 01;ANTSIRABE;
1413;MAMITIANA ;Sylvain Carlos Mozer;ELEMENTS ;GROUPE 01;ANTSIRABE;
1418;RABEMANANTSOA;Lanto Herimalala;ELEMENTS ;GROUPE 01;ANTSIRABE;
1420;RADIMIARISOA;Vahatriniaina Traversy Capistran;ELEMENTS ;GROUPE 01;ANTSIRABE;
1422;RAKOTOMALALA;Heriniaina ;ELEMENTS ;GROUPE 01;ANTSIRABE;
1423;RAKOTOMALALA;Jazini Serge;ELEMENTS ;GROUPE 01;ANTSIRABE;
1424;RAKOTONIRINA;Tolotriniavo Sarobidy;ELEMENTS ;GROUPE 01;ANTSIRABE;
1429;RANDRIANANTENAINA;Tokinirina Salomon;ELEMENTS ;GROUPE 01;ANTSIRABE;
1432;RANDRIANASOLO;Noelson Franckio;ELEMENTS ;GROUPE 01;ANTSIRABE;
1433;RANDRIANIRINA;Claudin Landry;ELEMENTS ;GROUPE 01;ANTSIRABE;
1440;RAZAFITSIMIANKINA MAMPIHAVANA;Nadjy Kheurona;ELEMENTS ;GROUPE 01;ANTSIRABE;
1445;TSIKIVISON ;Victorien;ELEMENTS ;GROUPE 01;ANTSIRABE;
1446;TSILANIHASINA;Tapharel;ELEMENTS ;GROUPE 01;ANTSIRABE;
1503;MIRANTSOA;Rollet Joëlle Orsenah;ELEMENTS ;GROUPE 01;ANTSIRABE;
1504;RAZAFINDRAVOLA;Simone Cyrille Antoinette;ELEMENTS ;GROUPE 01;ANTSIRABE;
1505;RAZANADRASOA;Martine;ELEMENTS ;GROUPE 01;ANTSIRABE;
1506;RICA;Anastassia;ELEMENTS ;GROUPE 01;ANTSIRABE;
1512;ANDRIANIRINA;Tahina Michel;ELEMENTS ;GROUPE 01;ANTSIRABE;
1525;RAFALIMANANTSOA;Herivonjy Mamitina;ELEMENTS ;GROUPE 01;ANTSIRABE;
1528;RAKOTOMALALA;Nomenjanahary Fidelson Eric;ELEMENTS ;GROUPE 01;ANTSIRABE;
1534;RANDRIANANTENAINA;Christian ;ELEMENTS ;GROUPE 01;ANTSIRABE;
1536;RANDRIANIRINA;Jean Martin;ELEMENTS ;GROUPE 01;ANTSIRABE;
1540;RASOLONDRAIBE;Heriniaina Jean Fidelice;ELEMENTS ;GROUPE 01;ANTSIRABE;
1546;RIVIERE ;Dilivio Elie;ELEMENTS ;GROUPE 01;ANTSIRABE;
1602;RAHARINIRINA;Santatriniaina Herivalisoa;ELEMENTS ;GROUPE 01;ANTSIRABE;
1609;ANDRIAMIRINDRA;Arnaud Martin;ELEMENTS ;GROUPE 01;ANTSIRABE;
1610;ANDRIANIRINA;Maminiaina Dimbimalala Jocelin;ELEMENTS ;GROUPE 01;ANTSIRABE;
1613;ANDRIATOLOJANAHARY FANIRIANTSOA;Hery Vonjy;ELEMENTS ;GROUPE 01;ANTSIRABE;
1616;ANTIBA;Roberto Maurio;ELEMENTS ;GROUPE 01;ANTSIRABE;
1620;FARAVAVY ;Marie Roseline;ELEMENTS ;GROUPE 01;ANTSIRABE;
1622;MAHAMBY;Brichard;ELEMENTS ;GROUPE 01;ANTSIRABE;
1629;RAKOTONDRALAMBO;Michelson;ELEMENTS ;GROUPE 01;ANTSIRABE;
1632;RAMANDASON;Henintsoa Naina;ELEMENTS ;GROUPE 01;ANTSIRABE;
1636;RANDRIANANDRASANA;Jean Emilien Dieu Donné;ELEMENTS ;GROUPE 01;ANTSIRABE;
1637;RANDRIANANTENAINA;Ervin;ELEMENTS ;GROUPE 01;ANTSIRABE;
1639;RANDRIANJAFINDRATSIRINIAINA;Pelagi Sabotsy;ELEMENTS ;GROUPE 01;ANTSIRABE;
1641;RASAMOELINA;Faustin Tojoniaina;ELEMENTS ;GROUPE 01;ANTSIRABE;
1643;RAZAFIMANDIMBY;Mitteran;ELEMENTS ;GROUPE 01;ANTSIRABE;
1644;RAZAFINDRAKOTO;Benoit Deray Alexis;ELEMENTS ;GROUPE 01;ANTSIRABE;
1646;SAHALA;Noëlas Semé;ELEMENTS ;GROUPE 01;ANTSIRABE;
1649;TSITOHERY;Anicet;ELEMENTS ;GROUPE 01;ANTSIRABE;
1701;DOMOINARITIANA;Mariah Andréas;ELEMENTS ;GROUPE 01;ANTSIRABE;
1703;MAHEFASOA;Elia;ELEMENTS ;GROUPE 01;ANTSIRABE;
1707;SITRAKINIAINA;Vatosoa Danielle;ELEMENTS ;GROUPE 01;ANTSIRABE;
1708;ANDRIANARIVO;Tokiniaina Marolafy Rolland;ELEMENTS ;GROUPE 01;ANTSIRABE;
1709;ANDRIAMAMONJISOA;Jean Tianjoky;ELEMENTS ;GROUPE 01;ANTSIRABE;
1710;ANDRIANASOLONJATOVO;Falimanova;ELEMENTS ;GROUPE 01;ANTSIRABE;
1712;DIMBINDRAIBE;Harisoalaza Cintkee;ELEMENTS ;GROUPE 01;ANTSIRABE;
1714;HERINIRINA;Gaston Franck;ELEMENTS ;GROUPE 01;ANTSIRABE;
1716;LANJANIAINA;Sandratra Françis;ELEMENTS ;GROUPE 01;ANTSIRABE;
3118;HERITIANJANAHARY;Solofo Arilala;CHEF DE GROUPE;GROUPE 02;ANTSIRABE;
3123;NIRILALA;Rabearivelo;CHEF DE GROUPE;GROUPE 02;ANTSIRABE;
3125;RAFANOMEZANTSOA;Christian;CHEF DE GROUPE;GROUPE 02;ANTSIRABE;
3135;RAKOTONOELSON;Nirina Rolland Yvon;CHEF DE GROUPE;GROUPE 02;ANTSIRABE;
3144;RATSIMAHORINANDRASANA;Lin Bernard;CHEF DE GROUPE;GROUPE 02;ANTSIRABE;
3149;RAZAFINDRANDRIA;Marc Mananjoky Angelo;CHEF DE GROUPE;GROUPE 02;ANTSIRABE;
3109;ANDRIAMIHAJA;Hughes Hardy;CHEF DE GROUPE;GROUPE 02;ANTSIRABE;
1137;RANDRIAMBOAVONJY ;Pascal;CHEF DE GROUPE;GROUPE 02;ANTSIRABE;
1717;LOMBIHO;Antonio Jaonesa;ELEMENTS ;GROUPE 02;ANTSIRABE;
1723;OTSIA;;ELEMENTS ;GROUPE 02;ANTSIRABE;
1724;RABESANDRATANA;Liva Harijaona Sylvio;ELEMENTS ;GROUPE 02;ANTSIRABE;
1727;RAHAJATIANA;José Michel;ELEMENTS ;GROUPE 02;ANTSIRABE;
1728;RAHARIMAMPIONONA;Tafita Sarobidy Emile;ELEMENTS ;GROUPE 02;ANTSIRABE;
1729;RAHARINIRINA;Toky Nantenaina;ELEMENTS ;GROUPE 02;ANTSIRABE;
1731;RAKOTONANAHARY;Tahiry Herimanitra;ELEMENTS ;GROUPE 02;ANTSIRABE;
1733;RAKOTONIAINA;Mamitina;ELEMENTS ;GROUPE 02;ANTSIRABE;
1736;RAMANANJOHASY;Jean Yves;ELEMENTS ;GROUPE 02;ANTSIRABE;
1737;RAMAVITA;Nalison;ELEMENTS ;GROUPE 02;ANTSIRABE;
1738;RANAIVOSON;Flavien;ELEMENTS ;GROUPE 02;ANTSIRABE;
1739;RANDRIAMARINA;Oajy Michel;ELEMENTS ;GROUPE 02;ANTSIRABE;
1740;RANDRIANANTENAINA;Mahefa David;ELEMENTS ;GROUPE 02;ANTSIRABE;
1741;RANDRIANIRINA;Lovasoa Stoni;ELEMENTS ;GROUPE 02;ANTSIRABE;
1743;RASOAMANANA;Barijaona Mahery;ELEMENTS ;GROUPE 02;ANTSIRABE;
1745;RATOMBONIAINA;Nomenjanahary Fitahiana Michaël;ELEMENTS ;GROUPE 02;ANTSIRABE;
1746;RATSIAVAHANA;Andrianiaina Stephan;ELEMENTS ;GROUPE 02;ANTSIRABE;
1749;TSIRINIAINA;Nomenjanahary Joseph;ELEMENTS ;GROUPE 02;ANTSIRABE;
1801;BRUNELLA;Babany;ELEMENTS ;GROUPE 02;ANTSIRABE;
1805;MANGARINDIA;Tantie Simonie Herlina;ELEMENTS ;GROUPE 02;ANTSIRABE;
1806;MIALISON;Harivololona Gabrielle;ELEMENTS ;GROUPE 02;ANTSIRABE;
1807;RAMANDIAMANANA;Andriantsiorisoa Tsiriniaina;ELEMENTS ;GROUPE 02;ANTSIRABE;
1809;ANDRIAMIHAJA;Albert Tsibiby;ELEMENTS ;GROUPE 02;ANTSIRABE;
1810;ANDRIAMIKAJY;Iarimalala Innocent;ELEMENTS ;GROUPE 02;ANTSIRABE;
1812;ANDRIATSILAVINA;Fabrice;ELEMENTS ;GROUPE 02;ANTSIRABE;
1813;AVOTRINIAINA;Joseph Aimé;ELEMENTS ;GROUPE 02;ANTSIRABE;
1815;HAJANIRINA;Lovahasina Jean Michaël;ELEMENTS ;GROUPE 02;ANTSIRABE;
1818;NOELISOA;Mamy Tovonanahary;ELEMENTS ;GROUPE 02;ANTSIRABE;
1819;PAPUI;Masimboatse Claude;ELEMENTS ;GROUPE 02;ANTSIRABE;
1820;RABENIFALIANA;Jean Aimé;ELEMENTS ;GROUPE 02;ANTSIRABE;
1821;RAFIDISON;Maminiaina Landry;ELEMENTS ;GROUPE 02;ANTSIRABE;
1822;RAHASIMBELO;Victorien;ELEMENTS ;GROUPE 02;ANTSIRABE;
1823;RAKOTOARISOA;Andriamiarinjato Nally;ELEMENTS ;GROUPE 02;ANTSIRABE;
1824;RAKOTOARISON;Ginot Victor;ELEMENTS ;GROUPE 02;ANTSIRABE;
1825;RAKOTOMALALA;Jean Emilson;ELEMENTS ;GROUPE 02;ANTSIRABE;
1827;RAKOTONARIVO;Avomanjaka Jacob;ELEMENTS ;GROUPE 02;ANTSIRABE;
1828;RAKOTONDRAINIBE;Jean Louis;ELEMENTS ;GROUPE 02;ANTSIRABE;
1829;RAKOTONDRAZAKA;Stella Mario;ELEMENTS ;GROUPE 02;ANTSIRABE;
1830;RAKOTONJANAHARY;Nandrianina Fetisoa;ELEMENTS ;GROUPE 02;ANTSIRABE;
1831;RALAIARIVONY;Jacques Ruphin;ELEMENTS ;GROUPE 02;ANTSIRABE;
1832;RALOHOTSY;Albert ;ELEMENTS ;GROUPE 02;ANTSIRABE;
1836;RANAIVONIAINA;Nomentsoa Ismaël;ELEMENTS ;GROUPE 02;ANTSIRABE;
1837;RANDRIAMAMPIONONA;Lahatriniaina Erik Jonia;ELEMENTS ;GROUPE 02;ANTSIRABE;
1839;RANDRIANARISON;Niandritiana Rolland;ELEMENTS ;GROUPE 02;ANTSIRABE;
1840;RANDRIANORO;Zafimahefa Mahatradraibe;ELEMENTS ;GROUPE 02;ANTSIRABE;
1842;RANDRIATSILAVINA ;Tokiniaina Claudéo;ELEMENTS ;GROUPE 02;ANTSIRABE;
1845;ROJOVOLA;Salohy Faniloniaina;ELEMENTS ;GROUPE 02;ANTSIRABE;
1848;TINA HARISAONA;Evariste Gaston;ELEMENTS ;GROUPE 02;ANTSIRABE;
1850;TINAHINDRAIBE;Faniriantsoa Fléri Prospère;ELEMENTS ;GROUPE 02;ANTSIRABE;
2201;SOATENDRITAHINA;Cindy Letiscia;ELEMENTS ;GROUPE 02;ANTSIRABE;
2207;ABDOULALY;Ladà Fils;ELEMENTS ;GROUPE 02;ANTSIRABE;
2210;ANDRIANJAFY ;Radonjanahary Esthiva;ELEMENTS ;GROUPE 02;ANTSIRABE;
2219;MAZZALIN;Wenceslas;ELEMENTS ;GROUPE 02;ANTSIRABE;
2223;RAFENOARIMANANA;Marolahy Mickael;ELEMENTS ;GROUPE 02;ANTSIRABE;
2224;RAHARISON;Richard-Joe Franklin;ELEMENTS ;GROUPE 02;ANTSIRABE;
2225;RAHERIJAONA;Pierrot;ELEMENTS ;GROUPE 02;ANTSIRABE;
2226;RAIKA;Jaoseta;ELEMENTS ;GROUPE 02;ANTSIRABE;
2232;RALISON;Eddy Mickaël;ELEMENTS ;GROUPE 02;ANTSIRABE;
2233;RAMANANTENA;Jean Prisco;ELEMENTS ;GROUPE 02;ANTSIRABE;
2234;RAMIRANTSOA;Faly Nantenaina Mamy;ELEMENTS ;GROUPE 02;ANTSIRABE;
2236;RANDRIAMAHAZO;Retovony Olivier;ELEMENTS ;GROUPE 02;ANTSIRABE;
2239;RANDRIANARIVO;Thierry;ELEMENTS ;GROUPE 02;ANTSIRABE;
2240;RANDRIANIRINA;Samuel;ELEMENTS ;GROUPE 02;ANTSIRABE;
2241;RATSIMBAZAFY;Aldo Francis;ELEMENTS ;GROUPE 02;ANTSIRABE;
2245;RAZAFINDRAIBE;Pierre Flavier;ELEMENTS ;GROUPE 02;ANTSIRABE;
2246;RAZAFY;Fleuris Rovamampionona Jean-Baptiste;ELEMENTS ;GROUPE 02;ANTSIRABE;
2247;RAZARASOA;Ifaliana Vonjindraibe Louis;ELEMENTS ;GROUPE 02;ANTSIRABE;
2249;SOMBINIAIKO;Tsiliany Odilon;ELEMENTS ;GROUPE 02;ANTSIRABE;
2250;TSIEREGNA ;Fenolily;ELEMENTS ;GROUPE 02;ANTSIRABE;
2304;RANDRIANAMPIZATO;Soalazaina Alida ;ELEMENTS ;GROUPE 02;ANTSIRABE;
2305;RASOANANTENAINA;Olinirina Martinah;ELEMENTS ;GROUPE 02;ANTSIRABE;
2308;ANDRIAMAHOLISON;Fetra Bien Aimé;ELEMENTS ;GROUPE 02;ANTSIRABE;
2312;AVINO;Jean Luc Philibert;ELEMENTS ;GROUPE 02;ANTSIRABE;
2217;MAMINIAINA;Fack Pedros;ELEMENTS ;GROUPE 02;ANTSIRABE;
2539;RANDRIANAMBININA;Mampisento Faustin;ELEMENTS ;GROUPE 02;ANTSIRABE;
2115;MIJOROLAZA;Harison Petit Martin;CHEF DE GROUPE;GROUPE 03;ANTSIRABE;
2116;RABARIJOHN;Miranto Judicaël;CHEF DE GROUPE;GROUPE 03;ANTSIRABE;
2118;RAFENONJANAHARY;Herilaza Ferdinand;CHEF DE GROUPE;GROUPE 03;ANTSIRABE;
2147;RAZAFITSIALISO;Ratelolahy Zainy II;CHEF DE GROUPE;GROUPE 03;ANTSIRABE;
2150;TINORY;Manavelovao;CHEF DE GROUPE;GROUPE 03;ANTSIRABE;
2152;TSIMANEFITRA;;CHEF DE GROUPE;GROUPE 03;ANTSIRABE;
2153;TSIMINDRAMANA;Fitahiana Néhémie;CHEF DE GROUPE;GROUPE 03;ANTSIRABE;
3101;FANILONOMENJANAHARY;Edith Gabrielle;CHEF DE GROUPE;GROUPE 03;ANTSIRABE;
3108;ANDRIAMAHENIMPARANIRIANDRAINY;Fetraniaina Onjampitiavana;CHEF DE GROUPE;GROUPE 03;ANTSIRABE;
2314;CHRISTOPHE;Hamed;ELEMENTS ;GROUPE 03;ANTSIRABE;
2317;JO TOVOLAHY;Angueson Herman;ELEMENTS ;GROUPE 03;ANTSIRABE;
2323;RAFALIMANANA TSIORINDRAINY;Denis Jospin;ELEMENTS ;GROUPE 03;ANTSIRABE;
2325;RAHAJANDRAINY;Fetisoa Daniels;ELEMENTS ;GROUPE 03;ANTSIRABE;
2330;RAMAROSANDRATANA;Elgan Joseph Frédon;ELEMENTS ;GROUPE 03;ANTSIRABE;
2331;RAMIANDRISOA;Tantely Nirina Fernando;ELEMENTS ;GROUPE 03;ANTSIRABE;
2333;RANDRIAMANANTENA;Eddy Vianney;ELEMENTS ;GROUPE 03;ANTSIRABE;
2337;RANDRIANOMENA;Mpanazava Tsarasento;ELEMENTS ;GROUPE 03;ANTSIRABE;
2341;RATOLOJANAHARY;Herizo Jacquis Bruno;ELEMENTS ;GROUPE 03;ANTSIRABE;
2344;ROBERTHOT;Zizinaka Aristide;ELEMENTS ;GROUPE 03;ANTSIRABE;
2345;SOLOFONOMENDAZA ;Alain Mariot;ELEMENTS ;GROUPE 03;ANTSIRABE;
2347;TSILAVINA;Herizo Valentino;ELEMENTS ;GROUPE 03;ANTSIRABE;
2349;VONAHIMASIA;Robin Theo;ELEMENTS ;GROUPE 03;ANTSIRABE;
2350;ZARA;Gerome Mandiny Ray;ELEMENTS ;GROUPE 03;ANTSIRABE;
2403;MIANDRISOA;Rinah El' Brisa;ELEMENTS ;GROUPE 03;ANTSIRABE;
2406;RASOANIRINA;Marie  Odette;ELEMENTS ;GROUPE 03;ANTSIRABE;
2407;TSIRESINIRINA;Aimée Marcelline;ELEMENTS ;GROUPE 03;ANTSIRABE;
2415;HUGUES ARIANJA;Dally;ELEMENTS ;GROUPE 03;ANTSIRABE;
2417;LANTONIRINA;Fanomezantsoa Célestin;ELEMENTS ;GROUPE 03;ANTSIRABE;
2420;MANANJARA;Joseph;ELEMENTS ;GROUPE 03;ANTSIRABE;
2427;RAKOTONIRINA;Livamampionona Samoela;ELEMENTS ;GROUPE 03;ANTSIRABE;
2430;RANDRIAMAMONJISOA;Norbert;ELEMENTS ;GROUPE 03;ANTSIRABE;
2431;RANDRIANARISON;Rija Fredo;ELEMENTS ;GROUPE 03;ANTSIRABE;
2441;RAZAFIJIOSY;Abel Jean Michel;ELEMENTS ;GROUPE 03;ANTSIRABE;
2442;RAZAFIMAHATRADRAIBE;Judicael Victorien;ELEMENTS ;GROUPE 03;ANTSIRABE;
2444;RAZANAJATOVO ;Hery;ELEMENTS ;GROUPE 03;ANTSIRABE;
2445;SIMON;Rico;ELEMENTS ;GROUPE 03;ANTSIRABE;
2446;TAFITA ;Nandrasana Elisé;ELEMENTS ;GROUPE 03;ANTSIRABE;
2448;TAHIRY;Randriamaro;ELEMENTS ;GROUPE 03;ANTSIRABE;
2450;TOVOHASINA;Tateliniaina Christian;ELEMENTS ;GROUPE 03;ANTSIRABE;
2504;RASOANIRINA;Marie Françia;ELEMENTS ;GROUPE 03;ANTSIRABE;
2506;VAVISAINA ;Jenitania Gladis;ELEMENTS ;GROUPE 03;ANTSIRABE;
2507;ANDRIAFENOMANANA;Fabrice;ELEMENTS ;GROUPE 03;ANTSIRABE;
2508;ANDRIANANJA;Paulin Christian;ELEMENTS ;GROUPE 03;ANTSIRABE;
2516;KOSY;Mayel Freddy;ELEMENTS ;GROUPE 03;ANTSIRABE;
2517;LAHIKOANIRINA;Niavinjafy Joachin Adelphe;ELEMENTS ;GROUPE 03;ANTSIRABE;
2518;MANJATO;Enio;ELEMENTS ;GROUPE 03;ANTSIRABE;
2528;RAKOTONIRINA;Nantenaina Pascal;ELEMENTS ;GROUPE 03;ANTSIRABE;
2531;RALAHITSIOTA;Samuelson Arly;ELEMENTS ;GROUPE 03;ANTSIRABE;
2532;RAMAROZAKATIANA;Toky Hasinavalona;ELEMENTS ;GROUPE 03;ANTSIRABE;
2534;RAMIANDRISON;Njaka Fanomezantsoa;ELEMENTS ;GROUPE 03;ANTSIRABE;
2538;RANDRIANAMBININA;Jean Paul;ELEMENTS ;GROUPE 03;ANTSIRABE;
2544;RAZAFIMAHERY BIENVENU;Antoine-Bell Chrysante;ELEMENTS ;GROUPE 03;ANTSIRABE;
2545;RAZAFINIAINA;Fabien;ELEMENTS ;GROUPE 03;ANTSIRABE;
2604;MANANORO;Larys Céline;ELEMENTS ;GROUPE 03;ANTSIRABE;
2608;ALLAOUI;Mahamed;ELEMENTS ;GROUPE 03;ANTSIRABE;
2611;ANDRIANJAFINDRAVAHA;Chilly Prud'homme de L'or Yankelly;ELEMENTS ;GROUPE 03;ANTSIRABE;
2613;AVISOA ;Etirindraza Aurelien Bogos;ELEMENTS ;GROUPE 03;ANTSIRABE;
2616;HASINJANAHARY;Patrick Michel;ELEMENTS ;GROUPE 03;ANTSIRABE;
2618;MAHAVOTRINIAINA;Dieu Donné;ELEMENTS ;GROUPE 03;ANTSIRABE;
2619;NDRIANARIVO;Velomahazo Manampy Urbain;ELEMENTS ;GROUPE 03;ANTSIRABE;
2622;RAHAJARISOA;Vonona Lovaniaina;ELEMENTS ;GROUPE 03;ANTSIRABE;
2625;RAKOTONIRINA;Mamy Arlice Brillant;ELEMENTS ;GROUPE 03;ANTSIRABE;
2626;RAKOTOZANDRY;Nantenainiarimoma;ELEMENTS ;GROUPE 03;ANTSIRABE;
2634;RANDRIANANDRASANA;François;ELEMENTS ;GROUPE 03;ANTSIRABE;
2635;RANDRIANIRINA;Harivololona Tsiferana;ELEMENTS ;GROUPE 03;ANTSIRABE;
2637;RASOLOFONIRINA;Christian ;ELEMENTS ;GROUPE 03;ANTSIRABE;
2638;RASOLOFOMANDIMBY;Naina Herjy;ELEMENTS ;GROUPE 03;ANTSIRABE;
2639;RASOLONANDRASANA;Roberthin;ELEMENTS ;GROUPE 03;ANTSIRABE;
2641;RATEFIARISON;Manitra Nomenjanahary;ELEMENTS ;GROUPE 03;ANTSIRABE;
2646;TIRELY;Mandimbison;ELEMENTS ;GROUPE 03;ANTSIRABE;
2648;TSIMIANKINDAHY;Jean Lociste;ELEMENTS ;GROUPE 03;ANTSIRABE;
2649;VAHANIAINA;Tianjanahary Mamy Innocent;ELEMENTS ;GROUPE 03;ANTSIRABE;
2650;VELONJARA;Lucas Alix;ELEMENTS ;GROUPE 03;ANTSIRABE;
2701;MAROVAVY;Jeanne Norbertine;ELEMENTS ;GROUPE 03;ANTSIRABE;
2705;TEFINIAVO ;Dera Benjamin;ELEMENTS ;GROUPE 03;ANTSIRABE;
2706;TSIRINIAINA;Esperence;ELEMENTS ;GROUPE 03;ANTSIRABE;
2709;ANDRIAMAMPIANDRA;Maminiaina Désiré;ELEMENTS ;GROUPE 03;ANTSIRABE;
2710;ANDRIANANTENAINA;Patrick Victorien;ELEMENTS ;GROUPE 03;ANTSIRABE;
2712;ANDRIATSOA ;Nirina Louis Celestin;ELEMENTS ;GROUPE 03;ANTSIRABE;
2713;CLAIRISE;;ELEMENTS ;GROUPE 03;ANTSIRABE;
2714;FANJAVANIAINA;Armel Edwin;ELEMENTS ;GROUPE 03;ANTSIRABE;
3850;ZAFINDRABINY;Elias;ELEMENTS ;GROUPE 03;ANTSIRABE;
1640;RANDRIATSIFERANA;Pascal Francisco;ELEMENTS ;GROUPE 03;ANTSIRABE;
1233;RALAHINIRINA;Etienne Jonas Amèdé;CHEF DE GROUPE;GROUPE 04;ANTSIRABE;
1141;RANDRIANANTENAINA;Tata Jean-Michel;CHEF DE GROUPE;GROUPE 04;ANTSIRABE;
1252;SAMBO ;Magnenosoa;CHEF DE GROUPE;GROUPE 04;ANTSIRABE;
1253;TOFENO;Francel;CHEF DE GROUPE;GROUPE 04;ANTSIRABE;
2101;ANDRIAHARIMALALA;Safidy Nirina;CHEF DE GROUPE;GROUPE 04;ANTSIRABE;
2104;RAHARISON;Marie Pamella;CHEF DE GROUPE;GROUPE 04;ANTSIRABE;
2107;VONINALA;Andriatsitohaina Harivololona;CHEF DE GROUPE;GROUPE 04;ANTSIRABE;
2112;FITAHIANTSOA;Albert Tato;CHEF DE GROUPE;GROUPE 04;ANTSIRABE;
2114;MAMITIANA;Michel;CHEF DE GROUPE;GROUPE 04;ANTSIRABE;
2715;FARALAHY;;ELEMENTS ;GROUPE 04;ANTSIRABE;
2716;FENITRINIONY;Andrianarisoa Eric;ELEMENTS ;GROUPE 04;ANTSIRABE;
2723;RAHERINOMENJANAHARY;Georginot Armelin;ELEMENTS ;GROUPE 04;ANTSIRABE;
2727;RAKOTONIRINA;Fenohery;ELEMENTS ;GROUPE 04;ANTSIRABE;
2729;RAMIANDRISOA;Iarilalanirina Anjarako;ELEMENTS ;GROUPE 04;ANTSIRABE;
2734;RANDRIANARISON;Fanomezantsoa Mihaja;ELEMENTS ;GROUPE 04;ANTSIRABE;
2736;RANDRIATOJOSOA;Dieu Donné Raphaël;ELEMENTS ;GROUPE 04;ANTSIRABE;
2737;RASAOTRA;Arisoa Mananjara Jean;ELEMENTS ;GROUPE 04;ANTSIRABE;
2740;RAZAFIMAMONJY;Mahafaly;ELEMENTS ;GROUPE 04;ANTSIRABE;
2742;RASOLONJATOVO;Lovasoa Xavier;ELEMENTS ;GROUPE 04;ANTSIRABE;
2746;TOLOTRA;Nomenjanahary Floribain Nicolas;ELEMENTS ;GROUPE 04;ANTSIRABE;
2749;TSIMIRA;;ELEMENTS ;GROUPE 04;ANTSIRABE;
2801;BAKOLY;Nomenjanahary Victoire;ELEMENTS ;GROUPE 04;ANTSIRABE;
2803;NOMENDRAGNAHARY;Lydia;ELEMENTS ;GROUPE 04;ANTSIRABE;
2805;RASOANANDRASANA;Sandrine Nestorine;ELEMENTS ;GROUPE 04;ANTSIRABE;
2808;ALBIN;Jean Fabrice;ELEMENTS ;GROUPE 04;ANTSIRABE;
2809;ANDRIAMAMPIANDRA;Maminiaina Valery Juscar;ELEMENTS ;GROUPE 04;ANTSIRABE;
2812;ANDRIANAIVO;Mandamamisoa Landry;ELEMENTS ;GROUPE 04;ANTSIRABE;
2813;ANDRIATSARA;Julios;ELEMENTS ;GROUPE 04;ANTSIRABE;
2817;ANJARASOA;Tanteliarindimby Tadidy Julien Patrick;ELEMENTS ;GROUPE 04;ANTSIRABE;
2819;FENOHASINA;Andry Michel;ELEMENTS ;GROUPE 04;ANTSIRABE;
2821;HARIMAMY;Vincent Freddy Antonio;ELEMENTS ;GROUPE 04;ANTSIRABE;
2827;LALAONIRINA;Estelle Rolande;ELEMENTS ;GROUPE 04;ANTSIRABE;
2828;MAMINIAINA;Herintsoa Jean Dani;ELEMENTS ;GROUPE 04;ANTSIRABE;
2829;MAMPISOA;Tsiresy Jean Ruphin;ELEMENTS ;GROUPE 04;ANTSIRABE;
2837;RANJOHANINARIVO;Roljhon Nico;ELEMENTS ;GROUPE 04;ANTSIRABE;
2838;RASOLOHANITRINIAINA;Mamson de Lavie;ELEMENTS ;GROUPE 04;ANTSIRABE;
2843;RAZAFINTSOA;Onjanirina Flavien;ELEMENTS ;GROUPE 04;ANTSIRABE;
2844;REMANEVE;;ELEMENTS ;GROUPE 04;ANTSIRABE;
2846;TAFITALIMPIAINANA;Tendriniriko Valisoa;ELEMENTS ;GROUPE 04;ANTSIRABE;
2848;TEMAHITA;Eric Boba;ELEMENTS ;GROUPE 04;ANTSIRABE;
2849;TOVONAY ;Henri Salomon;ELEMENTS ;GROUPE 04;ANTSIRABE;
2850;ZAFIMANDIMBY;Maminiaina Paul;ELEMENTS ;GROUPE 04;ANTSIRABE;
3204;MIJAHARISOA;Melodie;ELEMENTS ;GROUPE 04;ANTSIRABE;
3206;RAKOTONIRINA;Sentonarindra Léonie;ELEMENTS ;GROUPE 04;ANTSIRABE;
3207;RAZAFIMAHAFALY;Zarasoa Gloria;ELEMENTS ;GROUPE 04;ANTSIRABE;
3208;ALEXIS;Dominique;ELEMENTS ;GROUPE 04;ANTSIRABE;
3209;ANDRIAMAZAORO;Niel Freddy;ELEMENTS ;GROUPE 04;ANTSIRABE;
3210;ANDRIANALISOA;Mizara Fifaliana Raslove;ELEMENTS ;GROUPE 04;ANTSIRABE;
3214;BESOLOSON;Elico;ELEMENTS ;GROUPE 04;ANTSIRABE;
3215;FAMOLOMANDRENIBENY;;ELEMENTS ;GROUPE 04;ANTSIRABE;
3216;FIACRE;Mahasendra Dorlis;ELEMENTS ;GROUPE 04;ANTSIRABE;
3218;MANOSOKARIVO;Relefo;ELEMENTS ;GROUPE 04;ANTSIRABE;
3220;OLIVIER;Gynolla Stevie Alfredo;ELEMENTS ;GROUPE 04;ANTSIRABE;
3222;RABEMANANTSOA;Lovatiana Judicael Angelo Fabien;ELEMENTS ;GROUPE 04;ANTSIRABE;
3229;RAKOTOMAHEFA;Tahiriniaina Etiénne;ELEMENTS ;GROUPE 04;ANTSIRABE;
3236;RANDRIANAMBININA;Jacques Ulysse;ELEMENTS ;GROUPE 04;ANTSIRABE;
3238;RANDRIANAMBININA;Beanjara Bernardin;ELEMENTS ;GROUPE 04;ANTSIRABE;
3239;RANDRIANANTENAINA;Andréas Bri-Aimé;ELEMENTS ;GROUPE 04;ANTSIRABE;
3240;RANDRIANANTENAINA;Philippe Philippe Christian;ELEMENTS ;GROUPE 04;ANTSIRABE;
3241;RANDRIANJANAHARY;Rajaonina Kevain;ELEMENTS ;GROUPE 04;ANTSIRABE;
3244;RAZAFIARISON;Lovaniaina Florent;ELEMENTS ;GROUPE 04;ANTSIRABE;
3247;SOLODANAY;Roméo;ELEMENTS ;GROUPE 04;ANTSIRABE;
3248;TAHIANTSOA;Nirindraibe Tantely;ELEMENTS ;GROUPE 04;ANTSIRABE;
3304;RANDRIAMIHAJA NIRISOA;Pierrette Michela Marie Thérèse;ELEMENTS ;GROUPE 04;ANTSIRABE;
3307;TALILISOA ;Adélaide Elienne;ELEMENTS ;GROUPE 04;ANTSIRABE;
3313;ANDRIAMIHARY;Charles Roberto;ELEMENTS ;GROUPE 04;ANTSIRABE;
3316;MONJA;Miarenasoa;ELEMENTS ;GROUPE 04;ANTSIRABE;
3320;RAJAOHARISON;Morel Ferdinand;ELEMENTS ;GROUPE 04;ANTSIRABE;
3326;RAKOTONIRINA;Allan Heros;ELEMENTS ;GROUPE 04;ANTSIRABE;
3332;RAMBELOSON;Rigobert Nickitta;ELEMENTS ;GROUPE 04;ANTSIRABE;
3335;RANDRIAMAHALEO;Indréas Jean Féfin;ELEMENTS ;GROUPE 04;ANTSIRABE;
3337;RANDRIANASINAMBININA;Louis Romialde;ELEMENTS ;GROUPE 04;ANTSIRABE;
3341;RAZAFIMAGNAHA ;Séraphin Odon;ELEMENTS ;GROUPE 04;ANTSIRABE;
3343;RAZAFIMANDIMBY ;Mbolanirina Marco ;ELEMENTS ;GROUPE 04;ANTSIRABE;
3348;TOLOJANAHARY;Safidiniaina Emmanuel;ELEMENTS ;GROUPE 04;ANTSIRABE;
3402;FANJARA;Narindra Yannick;ELEMENTS ;GROUPE 04;ANTSIRABE;
3407;RAZAKATIANA;Iavotra Nantenaina;ELEMENTS ;GROUPE 04;ANTSIRABE;
3409;ANDRIAMIHARILALA;Tahiry Fiderana;ELEMENTS ;GROUPE 04;ANTSIRABE;
3415;FANDRESENA ;Mamy Andrianina;ELEMENTS ;GROUPE 04;ANTSIRABE;
3422;RADOHAJAMAMPIANDRA;Rolland Francino;ELEMENTS ;GROUPE 04;ANTSIRABE;
3429;RALAITSIZAFY;Martin;ELEMENTS ;GROUPE 04;ANTSIRABE;
2623;RAINIZAFINDRAMIERA;Eldin Rivaldhino;ELEMENTS ;GROUPE 04;ANTSIRABE;
1144;RASAMISON ;Fanomezanjanahary Mano;CHEF DE GROUPE;GROUPE 05;ANTSIRABE;
1150;RAZAFITSIFERANA;Désiré;CHEF DE GROUPE;GROUPE 05;ANTSIRABE;
1204;RAHANITRINIAINA ZANAJAZA;Marceline Lydia;CHEF DE GROUPE;GROUPE 05;ANTSIRABE;
1206;SOATSARA;Lehita Orthense;CHEF DE GROUPE;GROUPE 05;ANTSIRABE;
1217;MAHAZOMANA;Rantonirina Bototsana;CHEF DE GROUPE;GROUPE 05;ANTSIRABE;
1218;MOSA;Tsivery;CHEF DE GROUPE;GROUPE 05;ANTSIRABE;
1225;RAHARISON ;Nirina Ambinintsoa;CHEF DE GROUPE;GROUPE 05;ANTSIRABE;
1231;TAKOTONIRINA;Harivola Eli Carol;CHEF DE GROUPE;GROUPE 05;ANTSIRABE;
3436;RASAFIDINDRAINY;Nomenjanahary Joseph;ELEMENTS ;GROUPE 05;ANTSIRABE;
3439;RAZAFITSIALA ;Ferizo;ELEMENTS ;GROUPE 05;ANTSIRABE;
3443;SADAM;Jean Hamed Louis Rodin;ELEMENTS ;GROUPE 05;ANTSIRABE;
3446;TOKINIAINA;José Michel;ELEMENTS ;GROUPE 05;ANTSIRABE;
3506;RAZAFINIMARO;Harivola Mariètte;ELEMENTS ;GROUPE 05;ANTSIRABE;
3507;ROZILINA;Poette;ELEMENTS ;GROUPE 05;ANTSIRABE;
3510;ANDRIAMBINIMANANA;Benjanirina ;ELEMENTS ;GROUPE 05;ANTSIRABE;
3514;FAHAMARO;Fleury Armando;ELEMENTS ;GROUPE 05;ANTSIRABE;
3515;HAJASOANIRINA;José Herman;ELEMENTS ;GROUPE 05;ANTSIRABE;
3518;MAKA;;ELEMENTS ;GROUPE 05;ANTSIRABE;
3519;MANDIMBISOA;Richard;ELEMENTS ;GROUPE 05;ANTSIRABE;
3524;RAZAFIMANAMPY;Herinilaina Rijasoa;ELEMENTS ;GROUPE 05;ANTSIRABE;
3533;RAMINONIRINA;Manampisoa Erica;ELEMENTS ;GROUPE 05;ANTSIRABE;
3535;RANAIVOSON;Hasina Narindra;ELEMENTS ;GROUPE 05;ANTSIRABE;
3537;RANDRIAMANANTENA ;Toky Simon;ELEMENTS ;GROUPE 05;ANTSIRABE;
3542;RASOLOHERINIAINA;Nomenjanahary Davidson;ELEMENTS ;GROUPE 05;ANTSIRABE;
3543;SOLONIAINA;Naivoson Daniel;ELEMENTS ;GROUPE 05;ANTSIRABE;
3545;TINA;Voninahitra Marcellin;ELEMENTS ;GROUPE 05;ANTSIRABE;
3550;VALISOA;Christian;ELEMENTS ;GROUPE 05;ANTSIRABE;
3602;RABESAHARISON;Onisoa Vololoniaina;ELEMENTS ;GROUPE 05;ANTSIRABE;
3606;TODISOA;Nampianjanahary;ELEMENTS ;GROUPE 05;ANTSIRABE;
3607;ANDRIAFANOMEZANTSOA;Mbolaniaina Avotriniaina;ELEMENTS ;GROUPE 05;ANTSIRABE;
3611;ANDRIANANTENAINA;David;ELEMENTS ;GROUPE 05;ANTSIRABE;
3612;ANDRINAINA;Astino;ELEMENTS ;GROUPE 05;ANTSIRABE;
3613;DAMY;Mahasolo Jean Cri;ELEMENTS ;GROUPE 05;ANTSIRABE;
3614;ETHIENNE;Théodore;ELEMENTS ;GROUPE 05;ANTSIRABE;
3620;NOMENJANAHARY;Elino Gabriel;ELEMENTS ;GROUPE 05;ANTSIRABE;
3622;RAFALISOANAMBELO;Sylvain Georges;ELEMENTS ;GROUPE 05;ANTSIRABE;
3633;RAMANANJARA;Fernando Alex;ELEMENTS ;GROUPE 05;ANTSIRABE;
3634;RAMANGASANDRATANA;Najoro Maminirina;ELEMENTS ;GROUPE 05;ANTSIRABE;
3642;RIJANIAINA;Augustin;ELEMENTS ;GROUPE 05;ANTSIRABE;
3643;SADROUDINE;Kewin;ELEMENTS ;GROUPE 05;ANTSIRABE;
3645;TAFITANOMENJANAHARY;Jean Pascal;ELEMENTS ;GROUPE 05;ANTSIRABE;
3648;VOGNEMANA;;ELEMENTS ;GROUPE 05;ANTSIRABE;
3650;ZAFIMBOLA;Fiadana Francisco;ELEMENTS ;GROUPE 05;ANTSIRABE;
3701;JORORAMAMPIANDRANAMBININA;Vahatraina Alexandre Danielle;ELEMENTS ;GROUPE 05;ANTSIRABE;
3702;RAKOTONDRAZAKA;Minoavozara Rovasoa;ELEMENTS ;GROUPE 05;ANTSIRABE;
3703;RASOANANDRASANA;Eliane;ELEMENTS ;GROUPE 05;ANTSIRABE;
3704;RASOANIRINA;Marie Jeanne;ELEMENTS ;GROUPE 05;ANTSIRABE;
3705;RAZANAPARANY;Beatrice Justin;ELEMENTS ;GROUPE 05;ANTSIRABE;
3709;ANDRIANAMBININKERY;Zaka Dieu Donné;ELEMENTS ;GROUPE 05;ANTSIRABE;
3710;ANDRINIAINA;Lantiel Kalebasoa;ELEMENTS ;GROUPE 05;ANTSIRABE;
3712;BOTOMEJY;Rabendrafo;ELEMENTS ;GROUPE 05;ANTSIRABE;
3713;FENOHERY;Fandresena Hubertos;ELEMENTS ;GROUPE 05;ANTSIRABE;
3714;JEAN PAUL;Ferdinand;ELEMENTS ;GROUPE 05;ANTSIRABE;
3715;JOSLIN;;ELEMENTS ;GROUPE 05;ANTSIRABE;
3718;LAHINIRIKO;Joelson Frederic;ELEMENTS ;GROUPE 05;ANTSIRABE;
3723;MANANJARA;Benit Salomone;ELEMENTS ;GROUPE 05;ANTSIRABE;
3727;RAHERINIAINA;Eriko Alex;ELEMENTS ;GROUPE 05;ANTSIRABE;
3740;RANDRIANJAFY;Vohavy;ELEMENTS ;GROUPE 05;ANTSIRABE;
3742;RANJALAHY;Denis Arnot;ELEMENTS ;GROUPE 05;ANTSIRABE;
3744;RATELO;Solondraibe Eliot;ELEMENTS ;GROUPE 05;ANTSIRABE;
3748;RENE;Ediers Xavier;ELEMENTS ;GROUPE 05;ANTSIRABE;
3749;RWASSAN;Nah Hadcandas;ELEMENTS ;GROUPE 05;ANTSIRABE;
3801;ANDRIAMIHARIMBOAHANGY;Vonisoa;ELEMENTS ;GROUPE 05;ANTSIRABE;
3803;FELANJANAHARY;Manitrarivo Toutou Ulorinah;ELEMENTS ;GROUPE 05;ANTSIRABE;
3804;NANTENAIKO;Melinah Peliane;ELEMENTS ;GROUPE 05;ANTSIRABE;
3805;RAFANOMEZANA;Léonnie;ELEMENTS ;GROUPE 05;ANTSIRABE;
3806;RAZAFINDRAZAKA;Felantahina Mickaella;ELEMENTS ;GROUPE 05;ANTSIRABE;
3807;RAZANADRAMBAHY;Faratiana Mercia;ELEMENTS ;GROUPE 05;ANTSIRABE;
3812;ANDRINIRINA;Stephano Rivaldo;ELEMENTS ;GROUPE 05;ANTSIRABE;
3813;BINY DANSO;Medae Diasy;ELEMENTS ;GROUPE 05;ANTSIRABE;
3819;JIAH;Harimana Gabriel;ELEMENTS ;GROUPE 05;ANTSIRABE;
3822;MAMENOHAHY;Jean-Noël;ELEMENTS ;GROUPE 05;ANTSIRABE;
3824;MANANA;Andriamanjaka;ELEMENTS ;GROUPE 05;ANTSIRABE;
3825;MANANETO;Nah Horatien;ELEMENTS ;GROUPE 05;ANTSIRABE;
3827;MANJATOMANANA;Boto Jean Rémi;ELEMENTS ;GROUPE 05;ANTSIRABE;
3832;RAKOTONANDRASANA;Hanitriniaina Denis Bruno;ELEMENTS ;GROUPE 05;ANTSIRABE;
3835;RAMANALINARIVO;Dimby Michel;ELEMENTS ;GROUPE 05;ANTSIRABE;
3843;RAZAFIMAHEFA;Robby Ernest;ELEMENTS ;GROUPE 05;ANTSIRABE;
3845;RAZANANDRAIBE;Mitondrasoa Sitraka Michel;ELEMENTS ;GROUPE 05;ANTSIRABE;
3846;SANTATRINIAINA;Jean Bruno;ELEMENTS ;GROUPE 05;ANTSIRABE;
3848;TOVONDRAY;Fanjaniriko Alexandros;ELEMENTS ;GROUPE 05;ANTSIRABE;
3849;TSIORY;Mampitaniaina Pierre;ELEMENTS ;GROUPE 05;ANTSIRABE;
1240;RANDRIAMPARANY;Ted Stedoardo;CHEF DE GROUPE;GROUPE 01;ANTANANARIVO;1ère COMPAGNIE
2102;FARAVAVY;Clémence Ella Théodule;CHEF DE GROUPE;GROUPE 01;ANTANANARIVO;1ère COMPAGNIE
2148;RAZAFITSIMIALONA;Tahiry Harintsoa;CHEF DE GROUPE;GROUPE 01;ANTANANARIVO;1ère COMPAGNIE
1302;NANTENAINTSOA;Heri Estella;ELEMENTS ;GROUPE 01;ANTANANARIVO;1ère COMPAGNIE
1308;ANDRIAMIALISOA;Niaina Harizandry Bellarmin;ELEMENTS ;GROUPE 01;ANTANANARIVO;1ère COMPAGNIE
1321;ONJANIAINA;Christian Claudio;ELEMENTS ;GROUPE 01;ANTANANARIVO;1ère COMPAGNIE
1343;RAZAFIMAHEFA;Theophile;ELEMENTS ;GROUPE 01;ANTANANARIVO;1ère COMPAGNIE
1507;SAHOLINIRINA;Sylvia Olinah;ELEMENTS ;GROUPE 01;ANTANANARIVO;1ère COMPAGNIE
1615;ANDRINIAINA;Lantosoa Jean Florent;ELEMENTS ;GROUPE 01;ANTANANARIVO;1ère COMPAGNIE
1631;RALAISOARINIRINA;Maminiaina Angelo;ELEMENTS ;GROUPE 01;ANTANANARIVO;1ère COMPAGNIE
1634;RAMAROSAHANINA;Tiana Herizo;ELEMENTS ;GROUPE 01;ANTANANARIVO;1ère COMPAGNIE
2329;RALAINANDRASANA;Simon;ELEMENTS ;GROUPE 01;ANTANANARIVO;1ère COMPAGNIE
2332;RAMIANDRISOA;Rivo Michel;ELEMENTS ;GROUPE 01;ANTANANARIVO;1ère COMPAGNIE
2401;MAHAFINARITRA;Pety Félicia;ELEMENTS ;GROUPE 01;ANTANANARIVO;1ère COMPAGNIE
2606;RANDRIAMAMPIONONA;Masitoky Florencia;ELEMENTS ;GROUPE 01;ANTANANARIVO;1ère COMPAGNIE
3224;RABENANDRASANA;Jean Orhel;ELEMENTS ;GROUPE 01;ANTANANARIVO;1ère COMPAGNIE
3228;RAHERY;Nantenaina Staly;ELEMENTS ;GROUPE 01;ANTANANARIVO;1ère COMPAGNIE
3841;RANDRIANATOANDRO;Maminiaina Franclin;ELEMENTS ;GROUPE 01;ANTANANARIVO;1ère COMPAGNIE
1322;RABEARIMANANA;Adoré;ELEMENTS ;GROUPE 01;ANTANANARIVO;1ère COMPAGNIE
1324;RABENIRINA;Haroldin;ELEMENTS ;GROUPE 01;ANTANANARIVO;1ère COMPAGNIE
1401;ANDRIAMAMONJY;Harinosy Mirah;ELEMENTS ;GROUPE 01;ANTANANARIVO;1ère COMPAGNIE
1408;DAMASY;Basilio Christophe;ELEMENTS ;GROUPE 01;ANTANANARIVO;1ère COMPAGNIE
1409;HASINA;Andriarson;ELEMENTS ;GROUPE 01;ANTANANARIVO;1ère COMPAGNIE
1414;MANAMBINJARA;Noré;ELEMENTS ;GROUPE 01;ANTANANARIVO;1ère COMPAGNIE
1104;RAVELOMANANTSOA;Mireille;CHEF DE GROUPE;GROUPE 02;ANTANANARIVO;1ère COMPAGNIE
1120;HANANANTSOA;Rady Marie Ildevert;CHEF DE GROUPE;GROUPE 02;ANTANANARIVO;1ère COMPAGNIE
1123;HERINANDRASANA;Céléstin Fleuris;CHEF DE GROUPE;GROUPE 02;ANTANANARIVO;1ère COMPAGNIE
1147;RAZAFINDRAPAOLY;Andrianatoavintsoa;CHEF DE GROUPE;GROUPE 02;ANTANANARIVO;1ère COMPAGNIE
1202;BEBY ;Adeline;CHEF DE GROUPE;GROUPE 02;ANTANANARIVO;1ère COMPAGNIE
1209;ANDRIANAMBININARIVO;Lanjatiana Augustin;CHEF DE GROUPE;GROUPE 02;ANTANANARIVO;1ère COMPAGNIE
1211;AVOMANANA;Jeannel;CHEF DE GROUPE;GROUPE 02;ANTANANARIVO;1ère COMPAGNIE
2213;FANDRESENA;Asandratriniavo Baritiana;ELEMENTS ;GROUPE 02;ANTANANARIVO;1ère COMPAGNIE
2227;RAJAOFERA;Eldin;ELEMENTS ;GROUPE 02;ANTANANARIVO;1ère COMPAGNIE
2230;RAKOTOARIVELO;Radoniaina Therynard;ELEMENTS ;GROUPE 02;ANTANANARIVO;1ère COMPAGNIE
2309;ANDRIAMBELOZAKAMANANA;Willys Valentino;ELEMENTS ;GROUPE 02;ANTANANARIVO;1ère COMPAGNIE
2316;HASINIRAINY;Rija Arsène;ELEMENTS ;GROUPE 02;ANTANANARIVO;1ère COMPAGNIE
2324;RAFANOMEZANTSOA;Santine;ELEMENTS ;GROUPE 02;ANTANANARIVO;1ère COMPAGNIE
2338;RASOAVINJANAHARY;Maherisoa Safidinantenaina Rodin;ELEMENTS ;GROUPE 02;ANTANANARIVO;1ère COMPAGNIE
2340;RASOLOMANDIMBINIAINA;Jean Hubert;ELEMENTS ;GROUPE 02;ANTANANARIVO;1ère COMPAGNIE
2346;TADA;Laurenzo;ELEMENTS ;GROUPE 02;ANTANANARIVO;1ère COMPAGNIE
2408;ANDRIAMIANDRASOA;Rojo;ELEMENTS ;GROUPE 02;ANTANANARIVO;1ère COMPAGNIE
2530;RAKOTOSON;Julio Castro Manitriniaina;ELEMENTS ;GROUPE 02;ANTANANARIVO;1ère COMPAGNIE
2542;RASON ;Tiavina Fahendrena Gabriel;ELEMENTS ;GROUPE 02;ANTANANARIVO;1ère COMPAGNIE
2546;RAZAFITSIALEFITRA;Rija Leon;ELEMENTS ;GROUPE 02;ANTANANARIVO;1ère COMPAGNIE
2603;MANANJARA;Irène;ELEMENTS ;GROUPE 02;ANTANANARIVO;1ère COMPAGNIE
2630;RANAIVOELINA;Faly Herimalala;ELEMENTS ;GROUPE 02;ANTANANARIVO;1ère COMPAGNIE
2643;RAZAFIMAMONJY;Manitrarivo Eric;ELEMENTS ;GROUPE 02;ANTANANARIVO;1ère COMPAGNIE
2704;RALAIFARASOA;Faniry Patty;ELEMENTS ;GROUPE 02;ANTANANARIVO;1ère COMPAGNIE
2739;RAVOHARISOA;Sanda;ELEMENTS ;GROUPE 02;ANTANANARIVO;1ère COMPAGNIE
2741;RAZAIARIMANANA;Antonio Lantiste;ELEMENTS ;GROUPE 02;ANTANANARIVO;1ère COMPAGNIE
2747;TOVONANTENAINA;Théogène;ELEMENTS ;GROUPE 02;ANTANANARIVO;1ère COMPAGNIE
2822;HARISOA;James Jacklyno;ELEMENTS ;GROUPE 02;ANTANANARIVO;1ère COMPAGNIE
3202;ANDRIAZAFIMAHAZO;Crousita;ELEMENTS ;GROUPE 02;ANTANANARIVO;1ère COMPAGNIE
3217;MAEVAHARISSON;Andoniaina Jessy Alpha Moderah;ELEMENTS ;GROUPE 02;ANTANANARIVO;1ère COMPAGNIE
3219;MAROZOKY;Liva;ELEMENTS ;GROUPE 02;ANTANANARIVO;1ère COMPAGNIE
3223;RABENANDRASANA;Dieu Donné William;ELEMENTS ;GROUPE 02;ANTANANARIVO;1ère COMPAGNIE
2120;RAKOTOARISOA;Maminisedra Jean Luc;CHEF DE GROUPE;GROUPE 03;ANTANANARIVO;1ère COMPAGNIE
3153;RAZANADIMBY;Warlon Evariste;CHEF DE GROUPE;GROUPE 03;ANTANANARIVO;1ère COMPAGNIE
1323;RABEMARI0N;Jean Guy;ELEMENTS ;GROUPE 03;ANTANANARIVO;1ère COMPAGNIE
1334;RANDRIANARISOA;Garcia Pernot;ELEMENTS ;GROUPE 03;ANTANANARIVO;1ère COMPAGNIE
1415;MBOLATINIRINA;Tahinjanahary Evelin Cedric;ELEMENTS ;GROUPE 03;ANTANANARIVO;1ère COMPAGNIE
1417;MITANTSOA;Vami;ELEMENTS ;GROUPE 03;ANTANANARIVO;1ère COMPAGNIE
1439;RAZAFINDRAMINOSY;Martino Jocelyn;ELEMENTS ;GROUPE 03;ANTANANARIVO;1ère COMPAGNIE
1510;ANDRIAMAHERY;Soloniaina Fanomezantsoa;ELEMENTS ;GROUPE 03;ANTANANARIVO;1ère COMPAGNIE
1514;ANDRIATSIMAROFY;Jean Philibert;ELEMENTS ;GROUPE 03;ANTANANARIVO;1ère COMPAGNIE
1520;MITAHISOA;Christian Jules;ELEMENTS ;GROUPE 03;ANTANANARIVO;1ère COMPAGNIE
1539;RANDRIATSIATOPY;Sarelina Jutildo;ELEMENTS ;GROUPE 03;ANTANANARIVO;1ère COMPAGNIE
1642;RAVELOJAONA;Lala Tiana;ELEMENTS ;GROUPE 03;ANTANANARIVO;1ère COMPAGNIE
1650;TSIVOANDOZA;Mac Leonel;ELEMENTS ;GROUPE 03;ANTANANARIVO;1ère COMPAGNIE
1718;MAMPIONONTSOA;Christian Clarck;ELEMENTS ;GROUPE 03;ANTANANARIVO;1ère COMPAGNIE
1732;RAKOTONIAINA;Fanomezantsoa Odilon;ELEMENTS ;GROUPE 03;ANTANANARIVO;1ère COMPAGNIE
1808;ANAGNOSTOU;Julios;ELEMENTS ;GROUPE 03;ANTANANARIVO;1ère COMPAGNIE
1849;TINA;Zafimaharo;ELEMENTS ;GROUPE 03;ANTANANARIVO;1ère COMPAGNIE
2204;FELACK;Bernardine Marianie Anatholia;ELEMENTS ;GROUPE 03;ANTANANARIVO;1ère COMPAGNIE
2306;RAZAFINIRINA;Noélà Sandrà;ELEMENTS ;GROUPE 03;ANTANANARIVO;1ère COMPAGNIE
2318;MENDRIKARILANTO;Misaha Luc;ELEMENTS ;GROUPE 03;ANTANANARIVO;1ère COMPAGNIE
2339;RASOLOFONIAINA;Sahaza Anicet;ELEMENTS ;GROUPE 03;ANTANANARIVO;1ère COMPAGNIE
2414;HARISETA;;ELEMENTS ;GROUPE 03;ANTANANARIVO;1ère COMPAGNIE
2423;RAKOTOMARO;Mahenintsoa Andriantiana Alphonse;ELEMENTS ;GROUPE 03;ANTANANARIVO;1ère COMPAGNIE
2429;RAMASINANDRIANINA;Hasina;ELEMENTS ;GROUPE 03;ANTANANARIVO;1ère COMPAGNIE
2438;RAVONINJATOVO;Harena Sarobidy;ELEMENTS ;GROUPE 03;ANTANANARIVO;1ère COMPAGNIE
2439;RAVONINJATOVO;Kasaina Anjara Safidiniaina;ELEMENTS ;GROUPE 03;ANTANANARIVO;1ère COMPAGNIE
2521;RAHERINAIVO;Setra Notahiana;ELEMENTS ;GROUPE 03;ANTANANARIVO;1ère COMPAGNIE
1229;RAKOTONDRASOA;Joseph Mahefa Louis Arris;CHEF DE GROUPE;GROUPE 04;ANTANANARIVO;1ère COMPAGNIE
1232;RAKOTONIRINA;Romuald Jérôme;CHEF DE GROUPE;GROUPE 04;ANTANANARIVO;1ère COMPAGNIE
2117;RABEMANANJARA;Rolys;CHEF DE GROUPE;GROUPE 04;ANTANANARIVO;1ère COMPAGNIE
1306;TSARAVINTANA;Marthe Brigitte;ELEMENTS ;GROUPE 04;ANTANANARIVO;1ère COMPAGNIE
1319;MIANDRIZAKA;Jean Eudes;ELEMENTS ;GROUPE 04;ANTANANARIVO;1ère COMPAGNIE
1336;RAOELISON;Patience Angelo;ELEMENTS ;GROUPE 04;ANTANANARIVO;1ère COMPAGNIE
1509;ANDRIA-MANERA;Jean Bemana Telesphore;ELEMENTS ;GROUPE 04;ANTANANARIVO;1ère COMPAGNIE
1521;RABEARIVELO;Joseph Camille;ELEMENTS ;GROUPE 04;ANTANANARIVO;1ère COMPAGNIE
1607;ANAGNOSTOU;Philippe Athena;ELEMENTS ;GROUPE 04;ANTANANARIVO;1ère COMPAGNIE
1627;RAHERIJAONA;Njaka Nantenaina;ELEMENTS ;GROUPE 04;ANTANANARIVO;1ère COMPAGNIE
1647;TOKY FANDRESENA ;Maevasoa;ELEMENTS ;GROUPE 04;ANTANANARIVO;1ère COMPAGNIE
1748;TOLOJANAHARY;Lovanirina Albert;ELEMENTS ;GROUPE 04;ANTANANARIVO;1ère COMPAGNIE
1841;RANDRIANANTENAINA ;Xavier Mesmin;ELEMENTS ;GROUPE 04;ANTANANARIVO;1ère COMPAGNIE
2221;NIRAVOANJANAHARY;Olivier;ELEMENTS ;GROUPE 04;ANTANANARIVO;1ère COMPAGNIE
2302;NADIA NANDRASANA;Lucianah;ELEMENTS ;GROUPE 04;ANTANANARIVO;1ère COMPAGNIE
2319;NDREMODAHY;Velonjara Davide;ELEMENTS ;GROUPE 04;ANTANANARIVO;1ère COMPAGNIE
2328;RAKOTOVELO;Tendrisoa Lalaina Nomenjanahary;ELEMENTS ;GROUPE 04;ANTANANARIVO;1ère COMPAGNIE
2336;RANDRIANANTENAINA;Jean Michel;ELEMENTS ;GROUPE 04;ANTANANARIVO;1ère COMPAGNIE
2348;TSIMEKY;Jaffa;ELEMENTS ;GROUPE 04;ANTANANARIVO;1ère COMPAGNIE
2410;ANJARASOA;Hassan Abdalain;ELEMENTS ;GROUPE 04;ANTANANARIVO;1ère COMPAGNIE
2515;HARISON;Bruel Sammyma;ELEMENTS ;GROUPE 04;ANTANANARIVO;1ère COMPAGNIE
2540;RANDRIANANTOANINA;Arsène Faustin;ELEMENTS ;GROUPE 04;ANTANANARIVO;1ère COMPAGNIE
2807;RAZAFIMAMONJY;Flaviana Marie Françine Deborah;ELEMENTS ;GROUPE 04;ANTANANARIVO;1ère COMPAGNIE
1224;RAHARINJANAHARY;Nampionona;CHEF DE GROUPE;GROUPE 05;ANTANANARIVO;1ère COMPAGNIE
1254;TSABOTOKAY;Honorice Claudi;CHEF DE GROUPE;GROUPE 05;ANTANANARIVO;1ère COMPAGNIE
2130;TAKOTONIAINA;Andriatsilavo Roland;CHEF DE GROUPE;GROUPE 05;ANTANANARIVO;1ère COMPAGNIE
2138;RANDRIAMBOLOLONA;Maminirina Edwin;CHEF DE GROUPE;GROUPE 05;ANTANANARIVO;1ère COMPAGNIE
3104;RANDRIANKOTO;Dinasoa Anatolie;CHEF DE GROUPE;GROUPE 05;ANTANANARIVO;1ère COMPAGNIE
3106;RAZANAMALALA;Farasoa Tiana;CHEF DE GROUPE;GROUPE 05;ANTANANARIVO;1ère COMPAGNIE
3110;RAKOTOARISOA;Fanomezantsoa Marc Gilbert;CHEF DE GROUPE;GROUPE 05;ANTANANARIVO;1ère COMPAGNIE
3124;NOVALIS;Galvani Tsimitory;CHEF DE GROUPE;GROUPE 05;ANTANANARIVO;1ère COMPAGNIE
3134;RAKOTONDRAIBE;Haja Haritoky;CHEF DE GROUPE;GROUPE 05;ANTANANARIVO;1ère COMPAGNIE
3155;SITRAKA;Tombosoa Rengy Elyse;CHEF DE GROUPE;GROUPE 05;ANTANANARIVO;1ère COMPAGNIE
2435;RAOLISON;Isa Adinany;ELEMENTS ;GROUPE 05;ANTANANARIVO;1ère COMPAGNIE
2437;RASOLOFONIAINA;Tahinisoa Alexis;ELEMENTS ;GROUPE 05;ANTANANARIVO;1ère COMPAGNIE
2447;TAFITASOA;Jean Hervé;ELEMENTS ;GROUPE 05;ANTANANARIVO;1ère COMPAGNIE
2501;ANJARAMAMIRATRA;Annicka Well Bunoren;ELEMENTS ;GROUPE 05;ANTANANARIVO;1ère COMPAGNIE
2505;RAVAONANDRASANA;Angela Catherine;ELEMENTS ;GROUPE 05;ANTANANARIVO;1ère COMPAGNIE
2512;ETIENNE;;ELEMENTS ;GROUPE 05;ANTANANARIVO;1ère COMPAGNIE
2513;FANILOARINONY;Dheart;ELEMENTS ;GROUPE 05;ANTANANARIVO;1ère COMPAGNIE
1344;RAZAFITOLAVA;Todisoa Francis;ELEMENTS ;GROUPE 05;ANTANANARIVO;1ère COMPAGNIE
2519;MIHANTA HARIVOLOLONA;Hobitiana Angela;ELEMENTS ;GROUPE 05;ANTANANARIVO;1ère COMPAGNIE
2520;RAFALINIAINANIONY;Natoky Adolphe;ELEMENTS ;GROUPE 05;ANTANANARIVO;1ère COMPAGNIE
2524;RAJAONARIVELO;Jeanson Paulinaux;ELEMENTS ;GROUPE 05;ANTANANARIVO;1ère COMPAGNIE
2526;RAKOTOMAMONJY;Eric;ELEMENTS ;GROUPE 05;ANTANANARIVO;1ère COMPAGNIE
2533;RAMIANDRISOA;Simon Daniel;ELEMENTS ;GROUPE 05;ANTANANARIVO;1ère COMPAGNIE
2543;RATOVONJANAHARY;Miorasoa Maholimatoky Bernardin;ELEMENTS ;GROUPE 05;ANTANANARIVO;1ère COMPAGNIE
2547;SOLOFONIRINA;William Omolo;ELEMENTS ;GROUPE 05;ANTANANARIVO;1ère COMPAGNIE
2549;TIAVINANTENAINA;Rado Miharizo;ELEMENTS ;GROUPE 05;ANTANANARIVO;1ère COMPAGNIE
2550;TSITANDRA;Eugene;ELEMENTS ;GROUPE 05;ANTANANARIVO;1ère COMPAGNIE
2612;ANDRIANOMENJANAHARY;Anselme Emilien;ELEMENTS ;GROUPE 05;ANTANANARIVO;1ère COMPAGNIE
2628;RAMBELOSON;Nirina Ruphin;ELEMENTS ;GROUPE 05;ANTANANARIVO;1ère COMPAGNIE
2633;RANDRIAMITSIRY;Harentsoa Fregino;ELEMENTS ;GROUPE 05;ANTANANARIVO;1ère COMPAGNIE
2642;RAVELOJAONA;Tanteliniaina;ELEMENTS ;GROUPE 05;ANTANANARIVO;1ère COMPAGNIE
2703;RAHERIMAMPIONONA;Lalande Pierrette;ELEMENTS ;GROUPE 05;ANTANANARIVO;1ère COMPAGNIE
2707;ANDRIAMAHEFA;Gabin Rodrigue;ELEMENTS ;GROUPE 05;ANTANANARIVO;1ère COMPAGNIE
2711;ANDRIATSIDIKA;Emilio Jean Bernard;ELEMENTS ;GROUPE 05;ANTANANARIVO;1ère COMPAGNIE
2717;HASINANOMENJANAHARY;Watch Gregory;ELEMENTS ;GROUPE 05;ANTANANARIVO;1ère COMPAGNIE
2732;RANDRIANANTENAINA;Mampitsanga Hilaire;ELEMENTS ;GROUPE 05;ANTANANARIVO;1ère COMPAGNIE
2733;RANDRIANANTENAINA;Mendrikiniaina Rollinah;ELEMENTS ;GROUPE 05;ANTANANARIVO;1ère COMPAGNIE
2735;RANDRIANJAFIMANANA;Heritiana Toky;ELEMENTS ;GROUPE 05;ANTANANARIVO;1ère COMPAGNIE
2743;RELANJANY;Voasaotsy Irako Juliard;ELEMENTS ;GROUPE 05;ANTANANARIVO;1ère COMPAGNIE
2745;RAKOTONIAINA ;Mampitamamy Manoa;ELEMENTS ;GROUPE 05;ANTANANARIVO;1ère COMPAGNIE
2748;TSILEFESA;Todisoa Tsilavina Espéré;ELEMENTS ;GROUPE 05;ANTANANARIVO;1ère COMPAGNIE
2841;RAZAFINDRAKOTOSON;Okacha Sylvain;ELEMENTS ;GROUPE 05;ANTANANARIVO;1ère COMPAGNIE
3205;RABEMANANJARA;Lovasoa Flavienne;ELEMENTS ;GROUPE 05;ANTANANARIVO;1ère COMPAGNIE
3213;ANDRINIRINA;Arlin;ELEMENTS ;GROUPE 05;ANTANANARIVO;1ère COMPAGNIE
3225;RABENARY;Jean Fidel;ELEMENTS ;GROUPE 05;ANTANANARIVO;1ère COMPAGNIE
3230;RAKOTONDRAFARA;Nomenafitahiana Joseph;ELEMENTS ;GROUPE 05;ANTANANARIVO;1ère COMPAGNIE
1107;VONIMPITIAVANA;Rosie;CHEF DE GROUPE;GROUPE 06;ANTANANARIVO;1ère COMPAGNIE
1108;ANDRIAMAHAY;Narindra;CHEF DE GROUPE;GROUPE 06;ANTANANARIVO;1ère COMPAGNIE
1117;DJOUSSOUF ;Harry Frédéric;CHEF DE GROUPE;GROUPE 06;ANTANANARIVO;1ère COMPAGNIE
1153;SETRAFANASOAVANA;Velomendrika Rakotomalala;CHEF DE GROUPE;GROUPE 06;ANTANANARIVO;1ère COMPAGNIE
1228;RAKOTOARIJAONA;Jolin;CHEF DE GROUPE;GROUPE 06;ANTANANARIVO;1ère COMPAGNIE
1251;SOLOFONJANAHARY;Andritiana;CHEF DE GROUPE;GROUPE 06;ANTANANARIVO;1ère COMPAGNIE
2129;RAKOTONDRAVAO;Haja Buni;CHEF DE GROUPE;GROUPE 06;ANTANANARIVO;1ère COMPAGNIE
2132;RAKOTONOELY;Harison Eric;CHEF DE GROUPE;GROUPE 06;ANTANANARIVO;1ère COMPAGNIE
1312;ANDRIATAHIANA;Andriarijaona Aimé;ELEMENTS ;GROUPE 06;ANTANANARIVO;1ère COMPAGNIE
1340;RATSIMBAZAFIMAHEFA;Lucien Théophile;ELEMENTS ;GROUPE 06;ANTANANARIVO;1ère COMPAGNIE
1346;RENADSON;Fenoniaina Nantenaina Mélodis;ELEMENTS ;GROUPE 06;ANTANANARIVO;1ère COMPAGNIE
1402;FAMENONTSOA;Suzette;ELEMENTS ;GROUPE 06;ANTANANARIVO;1ère COMPAGNIE
1403;NATOLOJANAHARY;Sarobidy Andoniaina;ELEMENTS ;GROUPE 06;ANTANANARIVO;1ère COMPAGNIE
1407;ANDRIANANDRASANA;Sostôme Rodriguez;ELEMENTS ;GROUPE 06;ANTANANARIVO;1ère COMPAGNIE
1410;HERINJANAHARY;Valimbavaka Marcellin;ELEMENTS ;GROUPE 06;ANTANANARIVO;1ère COMPAGNIE
1430;RANDRIANARIVONY;Safidy Malala;ELEMENTS ;GROUPE 06;ANTANANARIVO;1ère COMPAGNIE
1447;TSIMALILO;Hotahiny Tobson;ELEMENTS ;GROUPE 06;ANTANANARIVO;1ère COMPAGNIE
1529;RAKOTONIRINA;David;ELEMENTS ;GROUPE 06;ANTANANARIVO;1ère COMPAGNIE
1614;ANDRINA;Haja Sarobidy Joasy Laà;ELEMENTS ;GROUPE 06;ANTANANARIVO;1ère COMPAGNIE
1811;ANDRIAMORASATA;Stanislas Jean;ELEMENTS ;GROUPE 06;ANTANANARIVO;1ère COMPAGNIE
2218;MANAHADRAY;Romaric Flora;ELEMENTS ;GROUPE 06;ANTANANARIVO;1ère COMPAGNIE
2220;NAMBININKAJAINA;Fleuri;ELEMENTS ;GROUPE 06;ANTANANARIVO;1ère COMPAGNIE
2242;RATSIMBAZAFY;Maminiaina Robain;ELEMENTS ;GROUPE 06;ANTANANARIVO;1ère COMPAGNIE
2327;RAKONOMENJANAHARY;Santatriniaina Tojomanantsoa;ELEMENTS ;GROUPE 06;ANTANANARIVO;1ère COMPAGNIE
2334;RANDRIAMANANTENASOA;Jean Olivier Man;ELEMENTS ;GROUPE 06;ANTANANARIVO;1ère COMPAGNIE
2342;RATOVOSON;Daniel Rauchenberg;ELEMENTS ;GROUPE 06;ANTANANARIVO;1ère COMPAGNIE
2503;RAHANTRANARIVO;Harilalaina Bijoux Roseline Isaïa;ELEMENTS ;GROUPE 06;ANTANANARIVO;1ère COMPAGNIE
2610;ANDRIANATOAVINA;Onja Merci;ELEMENTS ;GROUPE 06;ANTANANARIVO;1ère COMPAGNIE
1111;ANDRIAMITANTSOA;Mahaleo Jean Francis;CHEF DE GROUPE;GROUPE 07;ANTANANARIVO;1ère COMPAGNIE
1112;ANDRIANANTENAINA;Fanilson;CHEF DE GROUPE;GROUPE 07;ANTANANARIVO;1ère COMPAGNIE
1130;RAKOTOARISOA;Hery Michel;CHEF DE GROUPE;GROUPE 07;ANTANANARIVO;1ère COMPAGNIE
1131;RAKOTONARIVO;Onjatiana Herizo;CHEF DE GROUPE;GROUPE 07;ANTANANARIVO;1ère COMPAGNIE
1146;RAVALISON;Andrianiaina Voary;CHEF DE GROUPE;GROUPE 07;ANTANANARIVO;1ère COMPAGNIE
2149;ROVA;Herimalala Liantsoa;CHEF DE GROUPE;GROUPE 07;ANTANANARIVO;1ère COMPAGNIE
1213;FENOSAY;Rambolafitiavana Henintsoa;CHEF DE GROUPE;GROUPE 07;ANTANANARIVO;1ère COMPAGNIE
1230;RAKOTONIAINA;Germain Joseph Elysée;CHEF DE GROUPE;GROUPE 07;ANTANANARIVO;1ère COMPAGNIE
1234;RAMAMONJISOA VAHATRINIAINA;Herihasina Aimé;CHEF DE GROUPE;GROUPE 07;ANTANANARIVO;1ère COMPAGNIE
1235;RAMANANTSOA;Andrianome Harena;CHEF DE GROUPE;GROUPE 07;ANTANANARIVO;1ère COMPAGNIE
2154;VITAMANANA;Camardine Heuraclio;CHEF DE GROUPE;GROUPE 07;ANTANANARIVO;1ère COMPAGNIE
2105;RAHELIARISOA;Rantoniaina Natacha;CHEF DE GROUPE;GROUPE 07;ANTANANARIVO;1ère COMPAGNIE
2301;MANINDRAZANA;Alida Irèna;ELEMENTS ;GROUPE 07;ANTANANARIVO;1ère COMPAGNIE
2320;PICOT;Gaëtan Mathieu;ELEMENTS ;GROUPE 07;ANTANANARIVO;1ère COMPAGNIE
2402;MANANA;Cynthia;ELEMENTS ;GROUPE 07;ANTANANARIVO;1ère COMPAGNIE
2404;MIANTSO FANOMEZANARISOA;Lalaina;ELEMENTS ;GROUPE 07;ANTANANARIVO;1ère COMPAGNIE
2405;RAFALIMANANA;Suzanne Aldine;ELEMENTS ;GROUPE 07;ANTANANARIVO;1ère COMPAGNIE
2416;LAIAVY;Maximin;ELEMENTS ;GROUPE 07;ANTANANARIVO;1ère COMPAGNIE
2418;LOFOARIMANGARIVO;Amboaraniaina;ELEMENTS ;GROUPE 07;ANTANANARIVO;1ère COMPAGNIE
2419;MANAHIRA;Modeste Lanto;ELEMENTS ;GROUPE 07;ANTANANARIVO;1ère COMPAGNIE
2421;NDRIANIRINA;Nandrianina Ny Aina;ELEMENTS ;GROUPE 07;ANTANANARIVO;1ère COMPAGNIE
2424;RAKOTONINDRINA;Justin;ELEMENTS ;GROUPE 07;ANTANANARIVO;1ère COMPAGNIE
2425;RAKOTONIRINA HENINTSOA;Philbert;ELEMENTS ;GROUPE 07;ANTANANARIVO;1ère COMPAGNIE
2426;RAKOTONIRINA;José Dieu Donné;ELEMENTS ;GROUPE 07;ANTANANARIVO;1ère COMPAGNIE
2432;RANDRIANJANAHARY;Valisoa Fanaperana;ELEMENTS ;GROUPE 07;ANTANANARIVO;1ère COMPAGNIE
2433;RANDRIANOMENJANAHARY;Nomena Davidson Steven;ELEMENTS ;GROUPE 07;ANTANANARIVO;1ère COMPAGNIE
2434;RAOELITINA ;Tanjona Zoé Alain;ELEMENTS ;GROUPE 07;ANTANANARIVO;1ère COMPAGNIE
2436;RASOLOFO;Volaniaina Andry Tiana;ELEMENTS ;GROUPE 07;ANTANANARIVO;1ère COMPAGNIE
2502;FELANIAINA;Clara Hélène;ELEMENTS ;GROUPE 07;ANTANANARIVO;1ère COMPAGNIE
2511;BOTO;Jean Luco;ELEMENTS ;GROUPE 07;ANTANANARIVO;1ère COMPAGNIE
2527;RAKOTONAIVO;Mickael;ELEMENTS ;GROUPE 07;ANTANANARIVO;1ère COMPAGNIE
2536;RANDRIAMALALA;Michaël Tsilavina;ELEMENTS ;GROUPE 07;ANTANANARIVO;1ère COMPAGNIE
2617;HOLITAHINIAVO;Johary Andrisoa;ELEMENTS ;GROUPE 07;ANTANANARIVO;1ère COMPAGNIE
2624;RAKOTOARIVELO;Solomaminiaina Stéphane;ELEMENTS ;GROUPE 07;ANTANANARIVO;1ère COMPAGNIE
2632;RANDRIAMIANDRISOA;Maharitra Antonio Dorys;ELEMENTS ;GROUPE 07;ANTANANARIVO;1ère COMPAGNIE
2644;RAZAFIMANARINA;Fernand;ELEMENTS ;GROUPE 07;ANTANANARIVO;1ère COMPAGNIE
2645;RAZAFINDRABE;Nambinintsoa Jean Lucah;ELEMENTS ;GROUPE 07;ANTANANARIVO;1ère COMPAGNIE
2719;MANAGNOHATSE;Roberto;ELEMENTS ;GROUPE 07;ANTANANARIVO;1ère COMPAGNIE
2728;RALAINANDRASANA;Brangelot;ELEMENTS ;GROUPE 07;ANTANANARIVO;1ère COMPAGNIE
2731;RANDRIAMIHAJA;Jacques Michel;ELEMENTS ;GROUPE 07;ANTANANARIVO;1ère COMPAGNIE
2744;SIDILAH;Miche Rolland;ELEMENTS ;GROUPE 07;ANTANANARIVO;1ère COMPAGNIE
2750;ZARANAINA;Jocelyn;ELEMENTS ;GROUPE 07;ANTANANARIVO;1ère COMPAGNIE
1704;RANDRIANANTENAINA;Segusia Elviny;ELEMENTS ;GROUPE 07;ANTANANARIVO;1ère COMPAGNIE
2139;RANDRIAMIARANA;Mahazosoa Ravoniaina;CHEF DE GROUPE;GROUPE 08;ANTANANARIVO;1ère COMPAGNIE
2146;RAZAFINDRATOVO;Blaise Micaë;CHEF DE GROUPE;GROUPE 08;ANTANANARIVO;1ère COMPAGNIE
3117;HANDIMBY;John Elliot;CHEF DE GROUPE;GROUPE 08;ANTANANARIVO;1ère COMPAGNIE
1523;RABENANDRASANA;Jean Fidson;ELEMENTS ;GROUPE 08;ANTANANARIVO;1ère COMPAGNIE
1544;RAZAFINDRADARA;Pierre Cloche;ELEMENTS ;GROUPE 08;ANTANANARIVO;1ère COMPAGNIE
1549;ZANAJATOVO;Merci Jonathan;ELEMENTS ;GROUPE 08;ANTANANARIVO;1ère COMPAGNIE
1604;RASOANANDRASANA;Soariline;ELEMENTS ;GROUPE 08;ANTANANARIVO;1ère COMPAGNIE
1623;MANDROSOLAZA;Tafita Jerson;ELEMENTS ;GROUPE 08;ANTANANARIVO;1ère COMPAGNIE
1719;MAMPIOVANIRINA;Elie Justin;ELEMENTS ;GROUPE 08;ANTANANARIVO;1ère COMPAGNIE
1722;NJAKA;Olivier Samuel;ELEMENTS ;GROUPE 08;ANTANANARIVO;1ère COMPAGNIE
1747;TINAS;Fortuna Benjamin;ELEMENTS ;GROUPE 08;ANTANANARIVO;1ère COMPAGNIE
1802;CICIA ;Sylvia Emmanuël;ELEMENTS ;GROUPE 08;ANTANANARIVO;1ère COMPAGNIE
1835;RAMILIARIMANANA;Mioraniaina;ELEMENTS ;GROUPE 08;ANTANANARIVO;1ère COMPAGNIE
1838;RANDRIAMANANTSOA;Notahinjanahary Amédée Aristide;ELEMENTS ;GROUPE 08;ANTANANARIVO;1ère COMPAGNIE
2202;RABEMANANJARA;Miandriniaina Nampoinarivony;ELEMENTS ;GROUPE 08;ANTANANARIVO;1ère COMPAGNIE
2443;RAZAFIMANANTSOA;Mamitiana Hery Kanto;ELEMENTS ;GROUPE 08;ANTANANARIVO;1ère COMPAGNIE
2537;RANDRIAMANDIMBISON;Njakarija;ELEMENTS ;GROUPE 08;ANTANANARIVO;1ère COMPAGNIE
2620;RAFALIMANANA;Jean wilson;ELEMENTS ;GROUPE 08;ANTANANARIVO;1ère COMPAGNIE
2629;RAMILY HERILALA;Jerry Faratina;ELEMENTS ;GROUPE 08;ANTANANARIVO;1ère COMPAGNIE
2640;RASOLONIAINA;José Mickaël;ELEMENTS ;GROUPE 08;ANTANANARIVO;1ère COMPAGNIE
2702;RAFIDINARIVO;Rantoniaina Kezia;ELEMENTS ;GROUPE 08;ANTANANARIVO;1ère COMPAGNIE
1115;BETSAROANA;Odin Benjamin;CHEF DE GROUPE;GROUPE 09;ANTANANARIVO;1ère COMPAGNIE
1127;RABEARIMANANA;Tambimampionona Michel;CHEF DE GROUPE;GROUPE 09;ANTANANARIVO;1ère COMPAGNIE
1138;RANDRIAMIARINTSOA;Rojonirina Danny;CHEF DE GROUPE;GROUPE 09;ANTANANARIVO;1ère COMPAGNIE
2133;RALOHOTSY;Mamindraibe Victor Samuel;CHEF DE GROUPE;GROUPE 09;ANTANANARIVO;1ère COMPAGNIE
2135;RAMANANKEVITRA ;Jack Amerand;CHEF DE GROUPE;GROUPE 09;ANTANANARIVO;1ère COMPAGNIE
3139;RAMAROSATA;Tojoniaina Claudio;CHEF DE GROUPE;GROUPE 09;ANTANANARIVO;1ère COMPAGNIE
1148;RAZAFINDRAINIBE;Njoharinirina;CHEF DE GROUPE;GROUPE 09;ANTANANARIVO;1ère COMPAGNIE
1151;RAZAKANTOANINA;Nantenaina Aurélien;CHEF DE GROUPE;GROUPE 09;ANTANANARIVO;1ère COMPAGNIE
1215;HERINJAKA;Jean Frederic;CHEF DE GROUPE;GROUPE 09;ANTANANARIVO;1ère COMPAGNIE
1216;KAMANENGY;Célestin;CHEF DE GROUPE;GROUPE 09;ANTANANARIVO;1ère COMPAGNIE
1237;RANALIMANANA;Harimiandra;CHEF DE GROUPE;GROUPE 09;ANTANANARIVO;1ère COMPAGNIE
1239;RANDRIAMIHANTA ;Dos-Santos Gustave;CHEF DE GROUPE;GROUPE 09;ANTANANARIVO;1ère COMPAGNIE
1246;RATSIMBAZAFY;Njaka Fanambinantsoa Fitiavana;CHEF DE GROUPE;GROUPE 09;ANTANANARIVO;1ère COMPAGNIE
1250;RAZAFISON;Hery Tahina Olivier;CHEF DE GROUPE;GROUPE 09;ANTANANARIVO;1ère COMPAGNIE
2111;ANDRISOAFANIRY;Tsilavina Francis;CHEF DE GROUPE;GROUPE 09;ANTANANARIVO;1ère COMPAGNIE
2113;JUSTIN ;Zistoara;CHEF DE GROUPE;GROUPE 09;ANTANANARIVO;1ère COMPAGNIE
2123;RAKOTOMAHEFATIANA;Rovasoa;CHEF DE GROUPE;GROUPE 09;ANTANANARIVO;1ère COMPAGNIE
1349;TSARAMANANA;Gharbi;ELEMENTS ;GROUPE 09;ANTANANARIVO;1ère COMPAGNIE
1421;RAFANIRIMANANA ;Rajoson Anaël;ELEMENTS ;GROUPE 09;ANTANANARIVO;1ère COMPAGNIE
1437;RAZAFIMAHAFOHA;Tsifanay Gladis Eloi;ELEMENTS ;GROUPE 09;ANTANANARIVO;1ère COMPAGNIE
1438;RAZAFIMAMONJY;Gaby Mahery;ELEMENTS ;GROUPE 09;ANTANANARIVO;1ère COMPAGNIE
1502;MANJARY;Anna Suzie;ELEMENTS ;GROUPE 09;ANTANANARIVO;1ère COMPAGNIE
1541;RASOLONJATOVO;Mpanjato;ELEMENTS ;GROUPE 09;ANTANANARIVO;1ère COMPAGNIE
1605;RASOANIRINA;Marcelline;ELEMENTS ;GROUPE 09;ANTANANARIVO;1ère COMPAGNIE
1608;ANDRIAMAHEFA;Toky Alain Olivier;ELEMENTS ;GROUPE 09;ANTANANARIVO;1ère COMPAGNIE
1611;ANDRIANJAFY ;Valamisy Herjee;ELEMENTS ;GROUPE 09;ANTANANARIVO;1ère COMPAGNIE
1618;FREDERIC;Daniel;ELEMENTS ;GROUPE 09;ANTANANARIVO;1ère COMPAGNIE
1621;LAZA;Mario;ELEMENTS ;GROUPE 09;ANTANANARIVO;1ère COMPAGNIE
1626;RAFANAMBINANA;Thomas Edwin;ELEMENTS ;GROUPE 09;ANTANANARIVO;1ère COMPAGNIE
1630;RAKOTONIRINA;Eric Julio;ELEMENTS ;GROUPE 09;ANTANANARIVO;1ère COMPAGNIE
1638;RANDRIANIRINA;Bosco;ELEMENTS ;GROUPE 09;ANTANANARIVO;1ère COMPAGNIE
1711;ANDRIATAHINA;Mickaël;ELEMENTS ;GROUPE 09;ANTANANARIVO;1ère COMPAGNIE
1715;JEAN DE DIEU;Farasoa;ELEMENTS ;GROUPE 09;ANTANANARIVO;1ère COMPAGNIE
1804;MAMINIAINA;Fabinie;ELEMENTS ;GROUPE 09;ANTANANARIVO;1ère COMPAGNIE
2203;RAVELOSON;Njara Eveline Joséphine;ELEMENTS ;GROUPE 09;ANTANANARIVO;1ère COMPAGNIE
2214;HASINA ANDRIAMANANTENA;Anjara Tendry;ELEMENTS ;GROUPE 09;ANTANANARIVO;1ère COMPAGNIE
2229;RAKOTOARISOA;Jean Kanto Nomenjanahary;ELEMENTS ;GROUPE 09;ANTANANARIVO;1ère COMPAGNIE
2238;RANDRIANARISOA;Minot Ratolojanahary;ELEMENTS ;GROUPE 09;ANTANANARIVO;1ère COMPAGNIE
2303;RALINORO;Hasina Céline;ELEMENTS ;GROUPE 09;ANTANANARIVO;1ère COMPAGNIE
2315;FENONJANAHARY;Claver Faranjoary;ELEMENTS ;GROUPE 09;ANTANANARIVO;1ère COMPAGNIE
3325;RAKOTONIRINA;Fanambinantsoa Djimi Pascalin;ELEMENTS ;GROUPE 09;ANTANANARIVO;1ère COMPAGNIE
2322;RABEHARIMALALA;Vonjy Nirina Armand Jasmin;ELEMENTS ;GROUPE 09;ANTANANARIVO;1ère COMPAGNIE
2343;RATSIMBAZAFY;Louison Andrianasolo;ELEMENTS ;GROUPE 09;ANTANANARIVO;1ère COMPAGNIE
1247;RAZAFIMANANTSOA;Gilbert André;CHEF DE GROUPE;GROUPE 10;ANTANANARIVO;1ère COMPAGNIE
1255;TSIHOROGNE;Solo Bruno;CHEF DE GROUPE;GROUPE 10;ANTANANARIVO;1ère COMPAGNIE
2103;RAHAINGOMALALA;Olisoa Nivo;CHEF DE GROUPE;GROUPE 10;ANTANANARIVO;1ère COMPAGNIE
2110;ANDRIATSEHENOARIVO;Jean Sébastien;CHEF DE GROUPE;GROUPE 10;ANTANANARIVO;1ère COMPAGNIE
2136;RANAIVOMANANA;Rocco;CHEF DE GROUPE;GROUPE 10;ANTANANARIVO;1ère COMPAGNIE
3133;RAKOTONARIVO;Radoniaina;CHEF DE GROUPE;GROUPE 10;ANTANANARIVO;1ère COMPAGNIE
3143;RANDRIANJAFINARIVO;Jean Rolland;CHEF DE GROUPE;GROUPE 10;ANTANANARIVO;1ère COMPAGNIE
3147;RAZAFINDRABOBA ;Bosco;CHEF DE GROUPE;GROUPE 10;ANTANANARIVO;1ère COMPAGNIE
3152;RAZAKARIVONY;Mbolatiana Rémi;CHEF DE GROUPE;GROUPE 10;ANTANANARIVO;1ère COMPAGNIE
1304;RAHARISOA;Lalatina Myriam;ELEMENTS ;GROUPE 10;ANTANANARIVO;1ère COMPAGNIE
1311;ANDRINIAINA;Antonio;ELEMENTS ;GROUPE 10;ANTANANARIVO;1ère COMPAGNIE
1318;LANTONIAINA RAMASY;Anthony Gabriel Batistuta;ELEMENTS ;GROUPE 10;ANTANANARIVO;1ère COMPAGNIE
1441;SOLOFOHERY;Zo Jean Patrick;ELEMENTS ;GROUPE 10;ANTANANARIVO;1ère COMPAGNIE
1443;TSABOTO MEDANAMILA;Félix;ELEMENTS ;GROUPE 10;ANTANANARIVO;1ère COMPAGNIE
1537;RANDRIANIRINA;Zafimanatsoa Chandreau;ELEMENTS ;GROUPE 10;ANTANANARIVO;1ère COMPAGNIE
1624;NANATRA PONNY;Andriantsoa;ELEMENTS ;GROUPE 10;ANTANANARIVO;1ère COMPAGNIE
1713;FANOMEZANTSOA;Mamy Nirina Jean Eddy;ELEMENTS ;GROUPE 10;ANTANANARIVO;1ère COMPAGNIE
1726;RAFANOMEZANTSOA;Henri;ELEMENTS ;GROUPE 10;ANTANANARIVO;1ère COMPAGNIE
1750;TSILANINJARA;Eugène Charles;ELEMENTS ;GROUPE 10;ANTANANARIVO;1ère COMPAGNIE
1843;RAVELOSON;Ricardo Bolstad;ELEMENTS ;GROUPE 10;ANTANANARIVO;1ère COMPAGNIE
2311;ANDRIANTSOA ;Jean Michel;ELEMENTS ;GROUPE 10;ANTANANARIVO;1ère COMPAGNIE
2428;RAKOTOVAO;Jean De Dieu Elysé;ELEMENTS ;GROUPE 10;ANTANANARIVO;1ère COMPAGNIE
2449;TATSIHERISON;Willy Jerry Padout;ELEMENTS ;GROUPE 10;ANTANANARIVO;1ère COMPAGNIE
2509;ANDRIANANTENAINA;Ranto Mamy;ELEMENTS ;GROUPE 10;ANTANANARIVO;1ère COMPAGNIE
2510;ARITSY;Fenomila;ELEMENTS ;GROUPE 10;ANTANANARIVO;1ère COMPAGNIE
2514;FANOMEZANTSOA;Iavizara Rodièl;ELEMENTS ;GROUPE 10;ANTANANARIVO;1ère COMPAGNIE
2609;ANDRIAMBOLOLONA;Fetra Gideona;ELEMENTS ;GROUPE 10;ANTANANARIVO;1ère COMPAGNIE
2614;BERLIER;Ulrich Schneider;ELEMENTS ;GROUPE 10;ANTANANARIVO;1ère COMPAGNIE
2615;FANEVA AROMANDA;Dimbiniaina Cédric Océano;ELEMENTS ;GROUPE 10;ANTANANARIVO;1ère COMPAGNIE
2621;RAFANOMEZANTSOA;Fenitriniaina Fidèle;ELEMENTS ;GROUPE 10;ANTANANARIVO;1ère COMPAGNIE
2627;RAMAMONJY ;Andriambola Leonel Ismael;ELEMENTS ;GROUPE 10;ANTANANARIVO;1ère COMPAGNIE
2724;RAJAONARIVONY ;Tsilavina Fredericko;ELEMENTS ;GROUPE 10;ANTANANARIVO;1ère COMPAGNIE
2833;RANDRIAFENO;Herinjaka Tiana Emile;ELEMENTS ;GROUPE 10;ANTANANARIVO;1ère COMPAGNIE
2839;RAZAFIMAHATRADRAIBE;Jean Florent;ELEMENTS ;GROUPE 10;ANTANANARIVO;1ère COMPAGNIE
2847;TAFITANIAINA;Michaël Simon;ELEMENTS ;GROUPE 10;ANTANANARIVO;1ère COMPAGNIE
1106;RAZAFINDRAKOTO;Soafara Dina Lalao;CHEF DE GROUPE;GROUPE 11;ANTANANARIVO;1ère COMPAGNIE
1242;RANDRIANARIVELO;Herinirina Landry;CHEF DE GROUPE;GROUPE 11;ANTANANARIVO;1ère COMPAGNIE
1142;RANDRIANJAKA;Ferdinand Bruno;CHEF DE GROUPE;GROUPE 11;ANTANANARIVO;1ère COMPAGNIE
1516;BERNARD;Ramahefanandrianina Patrick;ELEMENTS ;GROUPE 11;ANTANANARIVO;1ère COMPAGNIE
1612;ANDRIANOELISON;Mamy Rina Fitiavana;ELEMENTS ;GROUPE 11;ANTANANARIVO;1ère COMPAGNIE
2811;ANDRIAMIHAJA;Finaritra Fandresena;ELEMENTS ;GROUPE 11;ANTANANARIVO;1ère COMPAGNIE
2814;ANDRIARILALA;Tolojanahary Fanirisoa;ELEMENTS ;GROUPE 11;ANTANANARIVO;1ère COMPAGNIE
2815;ANDRIANIAINA;Hervais Jean Dolique;ELEMENTS ;GROUPE 11;ANTANANARIVO;1ère COMPAGNIE
2836;RANDRIANARIMANANA;Mora Julien;ELEMENTS ;GROUPE 11;ANTANANARIVO;1ère COMPAGNIE
3201;AINA;Malala Anita;ELEMENTS ;GROUPE 11;ANTANANARIVO;1ère COMPAGNIE
3231;RAKOTONDRAMANANA;Mamisoa Tantely;ELEMENTS ;GROUPE 11;ANTANANARIVO;1ère COMPAGNIE
3516;HERIHARISON;Andry Nirina;ELEMENTS ;GROUPE 11;ANTANANARIVO;1ère COMPAGNIE
3528;RAKOTOMANANA;Vala Aina Andréas;ELEMENTS ;GROUPE 11;ANTANANARIVO;1ère COMPAGNIE
3628;RAKOTOARIVELO;Tojoavotraina Tsarasolo;ELEMENTS ;GROUPE 11;ANTANANARIVO;1ère COMPAGNIE
3629;RAKOTOMALALA;Jinioro Sylvain;ELEMENTS ;GROUPE 11;ANTANANARIVO;1ère COMPAGNIE
3833;RALAIARINOSY ;Rado Michel;ELEMENTS ;GROUPE 11;ANTANANARIVO;1ère COMPAGNIE
2109;ANDRIANANTENAINA;Rivolala;CHEF DE GROUPE;GROUPE 12;ANTANANARIVO;1ère COMPAGNIE
2144;RATSIMANOHANA;Mora Andriantsarafara;CHEF DE GROUPE;GROUPE 12;ANTANANARIVO;1ère COMPAGNIE
3150;RAZAFINDRIANERA;Mendrika Ny Haja;CHEF DE GROUPE;GROUPE 12;ANTANANARIVO;1ère COMPAGNIE
1102;NIRIANTSOA;Fanjalalaina;CHEF DE GROUPE;GROUPE 12;ANTANANARIVO;1ère COMPAGNIE
1110;ANDRIAMIHAJA;Lucien;CHEF DE GROUPE;GROUPE 12;ANTANANARIVO;1ère COMPAGNIE
1136;RANDRIAMAHEFA;Adelph;CHEF DE GROUPE;GROUPE 12;ANTANANARIVO;1ère COMPAGNIE
1205;RAHARISON;Ny Anjarasoa Miaritiana;CHEF DE GROUPE;GROUPE 12;ANTANANARIVO;1ère COMPAGNIE
1241;RANDRIANARISON ;Feno Ravo Daniel;CHEF DE GROUPE;GROUPE 12;ANTANANARIVO;1ère COMPAGNIE
1310;ANDRIANAVAL0NA;Eli Roberto;ELEMENTS ;GROUPE 12;ANTANANARIVO;1ère COMPAGNIE
1342;RAVAOSON;Miharantsoa Malala Michaël;ELEMENTS ;GROUPE 12;ANTANANARIVO;1ère COMPAGNIE
1416;MICHAEL;Biny Anthoine;ELEMENTS ;GROUPE 12;ANTANANARIVO;1ère COMPAGNIE
1450;ZOENKASOA;Christian Zicove;ELEMENTS ;GROUPE 12;ANTANANARIVO;1ère COMPAGNIE
1633;RAMANDIMBISOARAIBE;Jean Odilon;ELEMENTS ;GROUPE 12;ANTANANARIVO;1ère COMPAGNIE
2307;SAY;Agathe Justin;ELEMENTS ;GROUPE 12;ANTANANARIVO;1ère COMPAGNIE
2541;RANDRIANARISON;Toky Ariel;ELEMENTS ;GROUPE 12;ANTANANARIVO;1ère COMPAGNIE
2548;TAHINJANAHARY;Malalanirina Rojoniaina;ELEMENTS ;GROUPE 12;ANTANANARIVO;1ère COMPAGNIE
2720;PRISCO;;ELEMENTS ;GROUPE 12;ANTANANARIVO;1ère COMPAGNIE
2830;MORAMANA;Ramahasito Daniel Marlin;ELEMENTS ;GROUPE 12;ANTANANARIVO;1ère COMPAGNIE
3302;LANTONIAINA;Manie Nadia;ELEMENTS ;GROUPE 12;ANTANANARIVO;1ère COMPAGNIE
3406;RAZAFIMAHATRATRA;Malalanirina Fitahiana;ELEMENTS ;GROUPE 12;ANTANANARIVO;1ère COMPAGNIE
3427;RAKOTONDRASOA;Radonantenaina Estel;ELEMENTS ;GROUPE 12;ANTANANARIVO;1ère COMPAGNIE
3508;ANDRINIAINA;Nary Harinantenaina;ELEMENTS ;GROUPE 12;ANTANANARIVO;1ère COMPAGNIE
3517;HIANDRINIAINA;Livio;ELEMENTS ;GROUPE 12;ANTANANARIVO;1ère COMPAGNIE
3538;RANDRIAMANANTENA;Jean Hermann;ELEMENTS ;GROUPE 12;ANTANANARIVO;1ère COMPAGNIE
3603;RAHARIMALALA;Fanomezantsoa Olivier;ELEMENTS ;GROUPE 12;ANTANANARIVO;1ère COMPAGNIE
3708;ANDRIAMIHANINA;Yves Etienne Soleil;ELEMENTS ;GROUPE 12;ANTANANARIVO;1ère COMPAGNIE
3716;JULIO;Rachid;ELEMENTS ;GROUPE 12;ANTANANARIVO;1ère COMPAGNIE
3738;RANDRIANARISOA;Mahefa Tiana;ELEMENTS ;GROUPE 12;ANTANANARIVO;1ère COMPAGNIE
3750;TOJOSOA ANDRIAMIALY ;Patrick;ELEMENTS ;GROUPE 12;ANTANANARIVO;1ère COMPAGNIE
1145;RASOLOFOSON;Sandy Mampionona;CHEF DE GROUPE;GROUPE 13;ANTANANARIVO;1ère COMPAGNIE
1212;FANASINTSEHENO;Pejy Navalona Nirina;CHEF DE GROUPE;GROUPE 13;ANTANANARIVO;1ère COMPAGNIE
1244;RANDRIANASOLO;Onjaniaina;CHEF DE GROUPE;GROUPE 13;ANTANANARIVO;1ère COMPAGNIE
1332;RANDRIANANDRASANA;Gaetan Patrick;ELEMENTS ;GROUPE 13;ANTANANARIVO;1ère COMPAGNIE
1345;RAZANANTSOA;Laza Dauphin;ELEMENTS ;GROUPE 13;ANTANANARIVO;1ère COMPAGNIE
1411;INSSA;Alimodiny;ELEMENTS ;GROUPE 13;ANTANANARIVO;1ère COMPAGNIE
1434;RATOJOMANJATO;Sedra Patrice;ELEMENTS ;GROUPE 13;ANTANANARIVO;1ère COMPAGNIE
1444;TSIFERAMANJAKA;Flemond Lois Péguy;ELEMENTS ;GROUPE 13;ANTANANARIVO;1ère COMPAGNIE
1448;TSIREFINANTENAINA;Luca;ELEMENTS ;GROUPE 13;ANTANANARIVO;1ère COMPAGNIE
1508;ANDONIALA;Tolotriarivo Armel;ELEMENTS ;GROUPE 13;ANTANANARIVO;1ère COMPAGNIE
1513;ANDRIANJAFY ;Moraniaina;ELEMENTS ;GROUPE 13;ANTANANARIVO;1ère COMPAGNIE
1519;MIBOBO;Rafick;ELEMENTS ;GROUPE 13;ANTANANARIVO;1ère COMPAGNIE
1522;RABEMAMPIONINA;Julien;ELEMENTS ;GROUPE 13;ANTANANARIVO;1ère COMPAGNIE
1524;RAFALIARIVO;Narisoa Jean Fandresena;ELEMENTS ;GROUPE 13;ANTANANARIVO;1ère COMPAGNIE
1526;RAHASIPANARIVOMAHEFA;Tsihialonana Tommy;ELEMENTS ;GROUPE 13;ANTANANARIVO;1ère COMPAGNIE
1532;RAMANANKAVANA;Christophe Nestor;ELEMENTS ;GROUPE 13;ANTANANARIVO;1ère COMPAGNIE
1550;ZEFANIA;Tokindrainy Elodie Parfait;ELEMENTS ;GROUPE 13;ANTANANARIVO;1ère COMPAGNIE
1603;RAMANITRANJARA;Mendrika Finaritra;ELEMENTS ;GROUPE 13;ANTANANARIVO;1ère COMPAGNIE
1635;RANDRIAMAHASOA;Hasimandimby Lafatra Germain;ELEMENTS ;GROUPE 13;ANTANANARIVO;1ère COMPAGNIE
1702;MAHASETRIONJA;Kantonirina Princia Christelys;ELEMENTS ;GROUPE 13;ANTANANARIVO;1ère COMPAGNIE
1706;RAVAKANIRINA;Narindratiana Prisca;ELEMENTS ;GROUPE 13;ANTANANARIVO;1ère COMPAGNIE
1725;RABESAOTRA;Fanantenana;ELEMENTS ;GROUPE 13;ANTANANARIVO;1ère COMPAGNIE
1816;HERINTSOA ;Nestor;ELEMENTS ;GROUPE 13;ANTANANARIVO;1ère COMPAGNIE
1834;RAMANDIMBISON;Marcel Pulchiano;ELEMENTS ;GROUPE 13;ANTANANARIVO;1ère COMPAGNIE
2216;KOTO;Johnson Willy;ELEMENTS ;GROUPE 13;ANTANANARIVO;1ère COMPAGNIE
2228;RAJAONARIVONY ;Philogone Felistin;ELEMENTS ;GROUPE 13;ANTANANARIVO;1ère COMPAGNIE
2231;RAKOTONDRIANTSOA;Mamy Eriza;ELEMENTS ;GROUPE 13;ANTANANARIVO;1ère COMPAGNIE
2235;RANAIVOARISON;Tony Hanintsoa Fameno;ELEMENTS ;GROUPE 13;ANTANANARIVO;1ère COMPAGNIE
2243;RAVELOMANATOVA NDREMAROLAHY;Juino;ELEMENTS ;GROUPE 13;ANTANANARIVO;1ère COMPAGNIE
2248;REMAHAKATSY;Arson;ELEMENTS ;GROUPE 13;ANTANANARIVO;1ère COMPAGNIE
2310;ANDRIANOMENA;Robinson Safidiniaina;ELEMENTS ;GROUPE 13;ANTANANARIVO;1ère COMPAGNIE
2313;BASTAN;Roland;ELEMENTS ;GROUPE 13;ANTANANARIVO;1ère COMPAGNIE
2321;RABARISOA;Njatoniaina;ELEMENTS ;GROUPE 13;ANTANANARIVO;1ère COMPAGNIE
2326;RAHARINDRATOVO ;Fabrice;ELEMENTS ;GROUPE 13;ANTANANARIVO;1ère COMPAGNIE
2335;RANDRIANANDRASANA;Mamy Victor;ELEMENTS ;GROUPE 13;ANTANANARIVO;1ère COMPAGNIE
2409;ANDRIANARIVELO;Matezalaza Njakatiana Fabien;ELEMENTS ;GROUPE 13;ANTANANARIVO;1ère COMPAGNIE
2411;FANAJANDRAINY;Valimbavaka Anicet;ELEMENTS ;GROUPE 13;ANTANANARIVO;1ère COMPAGNIE
2412;FANDRESENA ;Ranaivoarimanana Eddy ;ELEMENTS ;GROUPE 13;ANTANANARIVO;1ère COMPAGNIE
2413;FANOMEZANJANAHARY;Yves Zoël;ELEMENTS ;GROUPE 13;ANTANANARIVO;1ère COMPAGNIE
2422;RABENDRINA;Dodatiana Aristide;ELEMENTS ;GROUPE 13;ANTANANARIVO;1ère COMPAGNIE
2806;RAVELONARIVONIAINA;Mirana;ELEMENTS ;GROUPE 13;ANTANANARIVO;1ère COMPAGNIE
2647;TSIHINDINY;Tefiniaina Eric Mbolatiana;ELEMENTS ;GROUPE 13;ANTANANARIVO;1ère COMPAGNIE
2601;HARISOA;Christiane;ELEMENTS ;GROUPE 13;ANTANANARIVO;1ère COMPAGNIE
3604;RAZAFINDRAKOTO;Farasoanirina Valencia;ELEMENTS ;GROUPE 13;ANTANANARIVO;1ère COMPAGNIE
3809;ANDRIANARSON;ERIC;ELEMENTS ;GROUPE 13;ANTANANARIVO;1ère COMPAGNIE
2631;RANAIVOSON;Raherimanjaka Raoul Abel;ELEMENTS ;GROUPE 13;ANTANANARIVO;1ère COMPAGNIE
2708;ANDRIAMAHEFA;Hasina Patrick;ELEMENTS ;GROUPE 13;ANTANANARIVO;1ère COMPAGNIE
1223;RAHARIMALALA;Jean Judicaël;CHEF DE GROUPE;GROUPE 14;ANTANANARIVO;1ère COMPAGNIE
1249;RAZAFINDRALALA;Tafara Rodé;CHEF DE GROUPE;GROUPE 14;ANTANANARIVO;1ère COMPAGNIE
3119;ISSOUF;Joseph Bemanajara;CHEF DE GROUPE;GROUPE 14;ANTANANARIVO;1ère COMPAGNIE
1149;RAZAFINTSEHENO;Maminiaina;CHEF DE GROUPE;GROUPE 14;ANTANANARIVO;1ère COMPAGNIE
3151;RAZAKAMANANA;Herimampionona Fitiavana Antonio;CHEF DE GROUPE;GROUPE 14;ANTANANARIVO;1ère COMPAGNIE
1101;ANDRIANJAFY;Alimina Donnie;CHEF DE GROUPE;GROUPE 14;ANTANANARIVO;1ère COMPAGNIE
1103;RAKOTONDRABE;Valianasoa Stephanie;CHEF DE GROUPE;GROUPE 14;ANTANANARIVO;1ère COMPAGNIE
1105;RAZAFIMALALA;Tina Annick Patricia;CHEF DE GROUPE;GROUPE 14;ANTANANARIVO;1ère COMPAGNIE
1221;RAFIANDRANA;Hery Mamy;CHEF DE GROUPE;GROUPE 14;ANTANANARIVO;1ère COMPAGNIE
1222;RAFIDISON;Rivo Ianja;CHEF DE GROUPE;GROUPE 14;ANTANANARIVO;1ère COMPAGNIE
1348;TIANKAVANA;Andriamiarolaza Edwin;ELEMENTS ;GROUPE 14;ANTANANARIVO;1ère COMPAGNIE
1419;RABENJARISOA ;Roberto Ulrich;ELEMENTS ;GROUPE 14;ANTANANARIVO;1ère COMPAGNIE
1426;RALAIMAMONJY;Tojomampionona Dinah;ELEMENTS ;GROUPE 14;ANTANANARIVO;1ère COMPAGNIE
1428;RANDRIAMANGAIKARIVO;Chrysostome;ELEMENTS ;GROUPE 14;ANTANANARIVO;1ère COMPAGNIE
1538;RANDRIANIVOSON;José Rijaniaina;ELEMENTS ;GROUPE 14;ANTANANARIVO;1ère COMPAGNIE
1601;FAINA;Daniella Marie Laurencia;ELEMENTS ;GROUPE 14;ANTANANARIVO;1ère COMPAGNIE
2212;ANDRINIRINA;Phulgence;ELEMENTS ;GROUPE 14;ANTANANARIVO;1ère COMPAGNIE
2602;MALAZA;Prishilla Florosat;ELEMENTS ;GROUPE 14;ANTANANARIVO;1ère COMPAGNIE
2636;RANJATOHARIVELO;Annicet Aimé Jonson;ELEMENTS ;GROUPE 14;ANTANANARIVO;1ère COMPAGNIE
2832;RABARIVELO;Lovasoa Solomon;ELEMENTS ;GROUPE 14;ANTANANARIVO;1ère COMPAGNIE
3336;RANDRIANARIMALALA;Fy-Tia Najaina Edith;ELEMENTS ;GROUPE 14;ANTANANARIVO;1ère COMPAGNIE
3425;RAKOTOMALALA;Gilberto;ELEMENTS ;GROUPE 14;ANTANANARIVO;1ère COMPAGNIE
3445;TODIZARA;Yvon Elinot Tsivinirana;ELEMENTS ;GROUPE 14;ANTANANARIVO;1ère COMPAGNIE
3450;VITASOA;Elli Bertho;ELEMENTS ;GROUPE 14;ANTANANARIVO;1ère COMPAGNIE
3502;HOVASOA;;ELEMENTS ;GROUPE 14;ANTANANARIVO;1ère COMPAGNIE
3626;RAKOTOARISON;Toavina Valisoa;ELEMENTS ;GROUPE 14;ANTANANARIVO;1ère COMPAGNIE
3746;RAZAFINDRATOMBO;Harena Germain;ELEMENTS ;GROUPE 14;ANTANANARIVO;1ère COMPAGNIE
3834;RAMAHAFALY;Christhomas Ronaldo;ELEMENTS ;GROUPE 14;ANTANANARIVO;1ère COMPAGNIE
3838;RANDRIAMIHAJA;Jean Daniel;ELEMENTS ;GROUPE 14;ANTANANARIVO;1ère COMPAGNIE
3113;ANDRISOA;Seth Tahiry;CHEF DE GROUPE;GROUPE 01;ANTANANARIVO;2ème COMPAGNIE
3122;JOSEPH NANTENAINA;Daulin;CHEF DE GROUPE;GROUPE 01;ANTANANARIVO;2ème COMPAGNIE
3129;RAKOTOARISOA;Henintsoa Erica;CHEF DE GROUPE;GROUPE 01;ANTANANARIVO;2ème COMPAGNIE
1425;RAKOTONIRINA;Vonjy;ELEMENTS ;GROUPE 01;ANTANANARIVO;2ème COMPAGNIE
1427;RANDRIAMALAZA;Bernardin;ELEMENTS ;GROUPE 01;ANTANANARIVO;2ème COMPAGNIE
1431;RANDRIANARY;Richard Rostand;ELEMENTS ;GROUPE 01;ANTANANARIVO;2ème COMPAGNIE
1435;RAVELONARIVO;Ernesto Samper ;ELEMENTS ;GROUPE 01;ANTANANARIVO;2ème COMPAGNIE
1436;RAVELONTAHINA;Judicael Soniah;ELEMENTS ;GROUPE 01;ANTANANARIVO;2ème COMPAGNIE
1442;TETIN ;Gico;ELEMENTS ;GROUPE 01;ANTANANARIVO;2ème COMPAGNIE
1511;ANDRIAMANANA ;Ny Lamina;ELEMENTS ;GROUPE 01;ANTANANARIVO;2ème COMPAGNIE
1517;HERINIAINA;Razanato;ELEMENTS ;GROUPE 01;ANTANANARIVO;2ème COMPAGNIE
1530;RAKOTONIRINA;Mahefa Fenontsoa;ELEMENTS ;GROUPE 01;ANTANANARIVO;2ème COMPAGNIE
1531;RAKOTOVELOMANANA;Fenitra Ravo Eliônay;ELEMENTS ;GROUPE 01;ANTANANARIVO;2ème COMPAGNIE
1533;RANDRIANANTENAINA;Tojonirina Nomenjanahary;ELEMENTS ;GROUPE 01;ANTANANARIVO;2ème COMPAGNIE
1543;RAZAFIMAHASOA;Thierry;ELEMENTS ;GROUPE 01;ANTANANARIVO;2ème COMPAGNIE
1547;SOALAHY;Aymardin Aquinoda;ELEMENTS ;GROUPE 01;ANTANANARIVO;2ème COMPAGNIE
1619;JEAN;Chrysostome;ELEMENTS ;GROUPE 01;ANTANANARIVO;2ème COMPAGNIE
1625;NOMENJANAHARY;Toky Hermann;ELEMENTS ;GROUPE 01;ANTANANARIVO;2ème COMPAGNIE
1721;MANDRAIMANA;Tandramamy Bernard;ELEMENTS ;GROUPE 01;ANTANANARIVO;2ème COMPAGNIE
1734;RAKOTOZAFY ;Paul Velain;ELEMENTS ;GROUPE 01;ANTANANARIVO;2ème COMPAGNIE
1735;RAMAHAVELONA;Francis;ELEMENTS ;GROUPE 01;ANTANANARIVO;2ème COMPAGNIE
1742;RANJALAHINIRINA;Heriniaina Caselin Fidelis;ELEMENTS ;GROUPE 01;ANTANANARIVO;2ème COMPAGNIE
1744;RASOLONIAINA;Gustave Michael;ELEMENTS ;GROUPE 01;ANTANANARIVO;2ème COMPAGNIE
1814;FANOMEZANTSOA;Mamela Abel;ELEMENTS ;GROUPE 01;ANTANANARIVO;2ème COMPAGNIE
1833;RAMANANTSOA;Andrianjanaharinarivo Jean Julio;ELEMENTS ;GROUPE 01;ANTANANARIVO;2ème COMPAGNIE
1846;TAFITASOA;Narindranjanahary Jonnhy Freddy;ELEMENTS ;GROUPE 01;ANTANANARIVO;2ème COMPAGNIE
2208;ANDRIAMAHARO;Georges Elysé;ELEMENTS ;GROUPE 01;ANTANANARIVO;2ème COMPAGNIE
1214;HANTAMAMONJY;Steven Clarck;CHEF DE GROUPE;GROUPE 02;ANTANANARIVO;2ème COMPAGNIE
1248;RAZAFINDRABE;Lovatiana;CHEF DE GROUPE;GROUPE 02;ANTANANARIVO;2ème COMPAGNIE
2106;RAVELOARINANJA;Tsanta Nirina;CHEF DE GROUPE;GROUPE 02;ANTANANARIVO;2ème COMPAGNIE
3102;KEMBA ;Cynthia;CHEF DE GROUPE;GROUPE 02;ANTANANARIVO;2ème COMPAGNIE
3105;RASOANANTENAINA;Justine Lina;CHEF DE GROUPE;GROUPE 02;ANTANANARIVO;2ème COMPAGNIE
3145;RATSIMBAZAFY;Tefy Andry Nirina;CHEF DE GROUPE;GROUPE 02;ANTANANARIVO;2ème COMPAGNIE
3154;REDIE;Nomenjanahary Edson Stevy;CHEF DE GROUPE;GROUPE 02;ANTANANARIVO;2ème COMPAGNIE
3226;RAFANOMEZANTSOA;Lahiavy Neri Hondiron;ELEMENTS ;GROUPE 02;ANTANANARIVO;2ème COMPAGNIE
3233;RAMASINDRAZANA;Bonnet;ELEMENTS ;GROUPE 02;ANTANANARIVO;2ème COMPAGNIE
3235;RANDRIAMANALINA;Harinjara Lucas;ELEMENTS ;GROUPE 02;ANTANANARIVO;2ème COMPAGNIE
3237;RANDRIANAMBININA;Odilon;ELEMENTS ;GROUPE 02;ANTANANARIVO;2ème COMPAGNIE
3245;ROMARIC;Rebasy;ELEMENTS ;GROUPE 02;ANTANANARIVO;2ème COMPAGNIE
3310;ANDRIAMAROVAO;Harimanana Romarlys;ELEMENTS ;GROUPE 02;ANTANANARIVO;2ème COMPAGNIE
3333;RAMAHEFASOLO;Manda Hasinony;ELEMENTS ;GROUPE 02;ANTANANARIVO;2ème COMPAGNIE
3405;RASOARIMANGA;Marie Hélène;ELEMENTS ;GROUPE 02;ANTANANARIVO;2ème COMPAGNIE
3411;ANDRIANARIMANANA;Claude Patrick;ELEMENTS ;GROUPE 02;ANTANANARIVO;2ème COMPAGNIE
3418;MAHAFALY;Marius Arnaud;ELEMENTS ;GROUPE 02;ANTANANARIVO;2ème COMPAGNIE
3432;RAMBELOMANANA;Tinot;ELEMENTS ;GROUPE 02;ANTANANARIVO;2ème COMPAGNIE
3440;RAZANAKOTO ;Fabrio Alphonse;ELEMENTS ;GROUPE 02;ANTANANARIVO;2ème COMPAGNIE
3447;TOMBOLAZA;Stéphano;ELEMENTS ;GROUPE 02;ANTANANARIVO;2ème COMPAGNIE
3449;VALINCA;Ranaivoson;ELEMENTS ;GROUPE 02;ANTANANARIVO;2ème COMPAGNIE
3526;RAJAONARIVONY ;Jean-Rémi;ELEMENTS ;GROUPE 02;ANTANANARIVO;2ème COMPAGNIE
3530;RAKOTONIRINA;Jacquot Nicolessi;ELEMENTS ;GROUPE 02;ANTANANARIVO;2ème COMPAGNIE
3532;RAMIANDRISOA;Bruno;ELEMENTS ;GROUPE 02;ANTANANARIVO;2ème COMPAGNIE
3541;RANOAVIMANANA;Louis Jacquinos;ELEMENTS ;GROUPE 02;ANTANANARIVO;2ème COMPAGNIE
3547;TOLOJANAHARY;Tiavina Joachin;ELEMENTS ;GROUPE 02;ANTANANARIVO;2ème COMPAGNIE
3548;TSARAMIHARY;Bravo;ELEMENTS ;GROUPE 02;ANTANANARIVO;2ème COMPAGNIE
3549;TSARASOA;Jean Elio;ELEMENTS ;GROUPE 02;ANTANANARIVO;2ème COMPAGNIE
3725;RABENANDRASANA;Alain Patrick;ELEMENTS ;GROUPE 02;ANTANANARIVO;2ème COMPAGNIE
3730;RAKOTONOMENJANAHARY;Alain Donald Ferrier;ELEMENTS ;GROUPE 02;ANTANANARIVO;2ème COMPAGNIE
3739;RANDRIANASY;Fanomezantsoa Toky;ELEMENTS ;GROUPE 02;ANTANANARIVO;2ème COMPAGNIE
3802;DINA;Valisoa Natacha;ELEMENTS ;GROUPE 02;ANTANANARIVO;2ème COMPAGNIE
3829;RABEFANANANA;Narindra Asraphe;ELEMENTS ;GROUPE 02;ANTANANARIVO;2ème COMPAGNIE
1236;RAMIANDRARIVO;Tefinirina Tafitasoa;CHEF DE GROUPE;GROUPE 03;ANTANANARIVO;2ème COMPAGNIE
1238;RANDRIAMANJATO;Jean Frederic;CHEF DE GROUPE;GROUPE 03;ANTANANARIVO;2ème COMPAGNIE
2525;RAKOTOARISON;Justin Dominique;ELEMENTS ;GROUPE 03;ANTANANARIVO;2ème COMPAGNIE
2605;MIRAISOA;Helicienne Anastasie;ELEMENTS ;GROUPE 03;ANTANANARIVO;2ème COMPAGNIE
2721;RABENARIVELO;Ndranto Narindra Henintsoa;ELEMENTS ;GROUPE 03;ANTANANARIVO;2ème COMPAGNIE
2738;RATOVOARIVONY;Tambinekena Tsiahiana;ELEMENTS ;GROUPE 03;ANTANANARIVO;2ème COMPAGNIE
2824;RAKOTOVOARIVONY;N'iaro Tohavina Tsilaviniaina;ELEMENTS ;GROUPE 03;ANTANANARIVO;2ème COMPAGNIE
2826;KALEKO;Arson Adrien;ELEMENTS ;GROUPE 03;ANTANANARIVO;2ème COMPAGNIE
3323;RAKOTOMANGA;Ny Hery Fitahiana Daniel;ELEMENTS ;GROUPE 03;ANTANANARIVO;2ème COMPAGNIE
3330;RAMANOSONA;Gilbert;ELEMENTS ;GROUPE 03;ANTANANARIVO;2ème COMPAGNIE
3346;RAZAFIMBOTO;Zay Angatahy Gilbert;ELEMENTS ;GROUPE 03;ANTANANARIVO;2ème COMPAGNIE
3347;ROLLANDSON ;Stéphane;ELEMENTS ;GROUPE 03;ANTANANARIVO;2ème COMPAGNIE
3430;RALAIZAFY;Frederic Older Retrala;ELEMENTS ;GROUPE 03;ANTANANARIVO;2ème COMPAGNIE
3448;TSARAZARA;Baroka Luciany Dalhias;ELEMENTS ;GROUPE 03;ANTANANARIVO;2ème COMPAGNIE
3531;RAMBOLASOA NANTENAINA;Nalisoa Fraderic;ELEMENTS ;GROUPE 03;ANTANANARIVO;2ème COMPAGNIE
3605;RAZANADRAFARA;Roseline;ELEMENTS ;GROUPE 03;ANTANANARIVO;2ème COMPAGNIE
3627;RAKOTOARIVELO;Ndriatsiferana;ELEMENTS ;GROUPE 03;ANTANANARIVO;2ème COMPAGNIE
3632;RAMAHANDRISOA;Elidot;ELEMENTS ;GROUPE 03;ANTANANARIVO;2ème COMPAGNIE
3734;RAMAMONJY ;Jean;ELEMENTS ;GROUPE 03;ANTANANARIVO;2ème COMPAGNIE
3735;RANDRIAMBELONA;Ravo Manjaka;ELEMENTS ;GROUPE 03;ANTANANARIVO;2ème COMPAGNIE
3736;RANDRIAMIAJA ;Laurient;ELEMENTS ;GROUPE 03;ANTANANARIVO;2ème COMPAGNIE
3737;RANDRIAMIHARIMANANA;Ladimbola;ELEMENTS ;GROUPE 03;ANTANANARIVO;2ème COMPAGNIE
3741;RANDRIATODY;Ritapha Stennio;ELEMENTS ;GROUPE 03;ANTANANARIVO;2ème COMPAGNIE
3747;RAZANAME;Tierry Gérard Priva;ELEMENTS ;GROUPE 03;ANTANANARIVO;2ème COMPAGNIE
3817;JAOHITA;Paulbert;ELEMENTS ;GROUPE 03;ANTANANARIVO;2ème COMPAGNIE
3828;PATRICK;Julien Tafita Kiboriny;ELEMENTS ;GROUPE 03;ANTANANARIVO;2ème COMPAGNIE
3842;RATOVOARISON;Clark Pascal;ELEMENTS ;GROUPE 03;ANTANANARIVO;2ème COMPAGNIE
2121;RAKOTOBE;Sitraka Mahery Zo Vittorio;CHEF DE GROUPE;GROUPE 04;ANTANANARIVO;2ème COMPAGNIE
2127;RAKOTONDRAMANANA;Fanomezamandimbisoa Narindraniavo;CHEF DE GROUPE;GROUPE 04;ANTANANARIVO;2ème COMPAGNIE
2128;RAKOTONDRATSIMBA;Hajaniaina Mihamintsoa;CHEF DE GROUPE;GROUPE 04;ANTANANARIVO;2ème COMPAGNIE
3211;ANDRIANANDRASANA;Jean Charles Tanquilin;ELEMENTS ;GROUPE 04;ANTANANARIVO;2ème COMPAGNIE
3221;RABEMANANTSOA;Haritiana Rolland;ELEMENTS ;GROUPE 04;ANTANANARIVO;2ème COMPAGNIE
3306;RAVOLOLONIRINA;Ambininjanahary Sidonie;ELEMENTS ;GROUPE 04;ANTANANARIVO;2ème COMPAGNIE
3314;ANDRIANARISOA;Fanantenana Ronaldino;ELEMENTS ;GROUPE 04;ANTANANARIVO;2ème COMPAGNIE
3339;RANDRIANANTENAINA;Todisoa Jimmy Robertho;ELEMENTS ;GROUPE 04;ANTANANARIVO;2ème COMPAGNIE
3345;RAZAFIMANDIMBY;Victor Dally Celestin;ELEMENTS ;GROUPE 04;ANTANANARIVO;2ème COMPAGNIE
3349;RAKOTONIAINA;Jean Marinot;ELEMENTS ;GROUPE 04;ANTANANARIVO;2ème COMPAGNIE
3421;RABENIRINA;Alain Bienvenu;ELEMENTS ;GROUPE 04;ANTANANARIVO;2ème COMPAGNIE
3428;RAKOTONIRINA;Jean Bienvenue;ELEMENTS ;GROUPE 04;ANTANANARIVO;2ème COMPAGNIE
3431;RAMAROLAHY;Tokiniaina Augustin;ELEMENTS ;GROUPE 04;ANTANANARIVO;2ème COMPAGNIE
3438;RAZAFINDRATSIRA;Tsiorinirina Dominique Philémon;ELEMENTS ;GROUPE 04;ANTANANARIVO;2ème COMPAGNIE
3536;RANDRIAMAHANDRINOMENJANAHARY;Tefiniarijaona Gérard;ELEMENTS ;GROUPE 04;ANTANANARIVO;2ème COMPAGNIE
3619;NAHARINDRAHOVA;Blaise William Lydiano;ELEMENTS ;GROUPE 04;ANTANANARIVO;2ème COMPAGNIE
3707;ANDRIAMIFIDY;Fandresena Jacquely;ELEMENTS ;GROUPE 04;ANTANANARIVO;2ème COMPAGNIE
3729;RAKOTONINDRAINY;Harisaona Manoarilala;ELEMENTS ;GROUPE 04;ANTANANARIVO;2ème COMPAGNIE
3743;RASOLONIRINA;Natenaina Gaëtan;ELEMENTS ;GROUPE 04;ANTANANARIVO;2ème COMPAGNIE
3820;JOHNSON;Andriarimanana;ELEMENTS ;GROUPE 04;ANTANANARIVO;2ème COMPAGNIE
3821;MAHENINTSOA;Tendry Nasandratra;ELEMENTS ;GROUPE 04;ANTANANARIVO;2ème COMPAGNIE
3831;RAKOTO;Faralahy Jean Louis Philibert;ELEMENTS ;GROUPE 04;ANTANANARIVO;2ème COMPAGNIE
3839;RANDRIAMORA;Harime Olivier Elioda;ELEMENTS ;GROUPE 04;ANTANANARIVO;2ème COMPAGNIE
3840;RANDRIANAMBININTSOA;Tolotra Lovasoa;ELEMENTS ;GROUPE 04;ANTANANARIVO;2ème COMPAGNIE
1122;HERIMAMPIONONA;José Eddy;CHEF DE GROUPE;GROUPE 05;ANTANANARIVO;2ème COMPAGNIE
1124;IZAFINDRALEZO;Jean Jhonson Victory;CHEF DE GROUPE;GROUPE 05;ANTANANARIVO;2ème COMPAGNIE
1125;NANTENAINA;Rakoto Jean Marie;CHEF DE GROUPE;GROUPE 05;ANTANANARIVO;2ème COMPAGNIE
1129;RAFANOMEZANJANAHARY;Hery Jean Rodin;CHEF DE GROUPE;GROUPE 05;ANTANANARIVO;2ème COMPAGNIE
1135;RAMANAMBOLOLONA;Mirindra Alain Patrick;CHEF DE GROUPE;GROUPE 05;ANTANANARIVO;2ème COMPAGNIE
1140;RANDRIANANDRASANA;Safidiniaina;CHEF DE GROUPE;GROUPE 05;ANTANANARIVO;2ème COMPAGNIE
1152;SELMOND;Tsiampindrazy;CHEF DE GROUPE;GROUPE 05;ANTANANARIVO;2ème COMPAGNIE
1203;MIORA RINALDO;Ratolojanahary;CHEF DE GROUPE;GROUPE 05;ANTANANARIVO;2ème COMPAGNIE
1207;Z'ALAIMONGO;Nomenjanahary Zoé Julie;CHEF DE GROUPE;GROUPE 05;ANTANANARIVO;2ème COMPAGNIE
1208;ANDRIAMAHAMANGA;Toky Fifaliana;CHEF DE GROUPE;GROUPE 05;ANTANANARIVO;2ème COMPAGNIE
1219;ONAH;Paul;CHEF DE GROUPE;GROUPE 05;ANTANANARIVO;2ème COMPAGNIE
3242;RASOLONIRINA;Joël Salomon;ELEMENTS ;GROUPE 05;ANTANANARIVO;2ème COMPAGNIE
3249;TIANDRAZA;Augustin;ELEMENTS ;GROUPE 05;ANTANANARIVO;2ème COMPAGNIE
3250;TOTOHELY;Razafimahatsara Juvenal;ELEMENTS ;GROUPE 05;ANTANANARIVO;2ème COMPAGNIE
3303;LOVASOA NOMENJANAHARY;Candy Mouscouri Eugenia;ELEMENTS ;GROUPE 05;ANTANANARIVO;2ème COMPAGNIE
3305;RASOAMIARANA;Danombavy Judilas;ELEMENTS ;GROUPE 05;ANTANANARIVO;2ème COMPAGNIE
3315;HERINIAINA;Julios Salvador;ELEMENTS ;GROUPE 05;ANTANANARIVO;2ème COMPAGNIE
3317;NASOAVINIAVO;;ELEMENTS ;GROUPE 05;ANTANANARIVO;2ème COMPAGNIE
3318;RAHARINIRIANA;Heritiana Nomenjanahary Erida;ELEMENTS ;GROUPE 05;ANTANANARIVO;2ème COMPAGNIE
3321;RAKOTOARIMANANA ;Tojo Edmond;ELEMENTS ;GROUPE 05;ANTANANARIVO;2ème COMPAGNIE
3322;RAKOTOMALALA;Soloniaina Jean Patrick;ELEMENTS ;GROUPE 05;ANTANANARIVO;2ème COMPAGNIE
3327;RAKOTOVOAVY;Jean Lovatiana;ELEMENTS ;GROUPE 05;ANTANANARIVO;2ème COMPAGNIE
3350;TOJONDRAIBE;Jean de Capistran;ELEMENTS ;GROUPE 05;ANTANANARIVO;2ème COMPAGNIE
3404;MAMINIAINA ;Vatosoa Brualdà;ELEMENTS ;GROUPE 05;ANTANANARIVO;2ème COMPAGNIE
3408;ABOU;Ismaël Edson;ELEMENTS ;GROUPE 05;ANTANANARIVO;2ème COMPAGNIE
3416;JEAN DE DIEU;Fanomezantsoa Michel Orlin;ELEMENTS ;GROUPE 05;ANTANANARIVO;2ème COMPAGNIE
3419;MBOHITA;;ELEMENTS ;GROUPE 05;ANTANANARIVO;2ème COMPAGNIE
3423;RAHERIMAMPIONONA;Tolotra Nirina;ELEMENTS ;GROUPE 05;ANTANANARIVO;2ème COMPAGNIE
3441;RIJANANTENAINA;Jean Claude;ELEMENTS ;GROUPE 05;ANTANANARIVO;2ème COMPAGNIE
3442;ROBERTINO;Joss Manorovelo;ELEMENTS ;GROUPE 05;ANTANANARIVO;2ème COMPAGNIE
3501;HERINANTENAINA;Onja Omega;ELEMENTS ;GROUPE 05;ANTANANARIVO;2ème COMPAGNIE
3504;RAHASIMBOLOLONA;Brendasanti;ELEMENTS ;GROUPE 05;ANTANANARIVO;2ème COMPAGNIE
3523;RAFANATERANA;Afany Dilmond;ELEMENTS ;GROUPE 05;ANTANANARIVO;2ème COMPAGNIE
3529;RAKOTONDRAFARA;;ELEMENTS ;GROUPE 05;ANTANANARIVO;2ème COMPAGNIE
3534;RAMPANJATO;Volahery John;ELEMENTS ;GROUPE 05;ANTANANARIVO;2ème COMPAGNIE
3615;FAMENONTSOA;Tokiniaina Rodrien;ELEMENTS ;GROUPE 05;ANTANANARIVO;2ème COMPAGNIE
3625;RAKOTOARISOA;Alain;ELEMENTS ;GROUPE 05;ANTANANARIVO;2ème COMPAGNIE
3635;RANDRIAMIRADO;Jean Nilaina;ELEMENTS ;GROUPE 05;ANTANANARIVO;2ème COMPAGNIE
3637;RANDRIANONIHARIMANGA;Voarinantenaina Rojo Ida;ELEMENTS ;GROUPE 05;ANTANANARIVO;2ème COMPAGNIE
3640;RAZAFIMAHATRATRA ;Tovonantenaina;ELEMENTS ;GROUPE 05;ANTANANARIVO;2ème COMPAGNIE
3644;SOLOFONIRINA;Nirindraibe Jean Dieu Donné;ELEMENTS ;GROUPE 05;ANTANANARIVO;2ème COMPAGNIE
3706;TSANGANDRAZANA;Valistine;ELEMENTS ;GROUPE 05;ANTANANARIVO;2ème COMPAGNIE
3717;KOSITRAE;Amed;ELEMENTS ;GROUPE 05;ANTANANARIVO;2ème COMPAGNIE
3720;MAHAGNONIRINA;Andriniaina Jacquinot Zakaniaina;ELEMENTS ;GROUPE 05;ANTANANARIVO;2ème COMPAGNIE
3721;MAMINIAINA;Fernando Stanislas;ELEMENTS ;GROUPE 05;ANTANANARIVO;2ème COMPAGNIE
3844;RAZAFIRAVOMAHEFA;D'assin Itlaire Adiasse;ELEMENTS ;GROUPE 05;ANTANANARIVO;2ème COMPAGNIE
2134;RAMAHANDRY;Boaza;CHEF DE GROUPE;GROUPE 06;ANTANANARIVO;2ème COMPAGNIE
2151;TOLOJANAHARY;Parfait-son Pierre;CHEF DE GROUPE;GROUPE 06;ANTANANARIVO;2ème COMPAGNIE
3126;RAHERINANDRASANA;Njaratiana Sébastien;CHEF DE GROUPE;GROUPE 06;ANTANANARIVO;2ème COMPAGNIE
3130;RAKOTOARISOA;Sarobidy Fiononana Sanda Fitia;CHEF DE GROUPE;GROUPE 06;ANTANANARIVO;2ème COMPAGNIE
3131;RAKOTOARISON;Nambinina Jean;CHEF DE GROUPE;GROUPE 06;ANTANANARIVO;2ème COMPAGNIE
3142;RANDRIAMAHAFALY;Niarisaina Gautier;CHEF DE GROUPE;GROUPE 06;ANTANANARIVO;2ème COMPAGNIE
3146;RAZAFIMAHEFA;Sidney Armand;CHEF DE GROUPE;GROUPE 06;ANTANANARIVO;2ème COMPAGNIE
2725;RAKOTOARIMANANA ANDO NOMENA;Manoela;ELEMENTS ;GROUPE 06;ANTANANARIVO;2ème COMPAGNIE
2726;RAKOTONAVALONA;Mac-Jude;ELEMENTS ;GROUPE 06;ANTANANARIVO;2ème COMPAGNIE
2810;ANDRIAMANANDRAY;Kelly;ELEMENTS ;GROUPE 06;ANTANANARIVO;2ème COMPAGNIE
2818;CARMEL;Harley Manjakavelo;ELEMENTS ;GROUPE 06;ANTANANARIVO;2ème COMPAGNIE
2831;NIRILANTOSOA;Tanjona;ELEMENTS ;GROUPE 06;ANTANANARIVO;2ème COMPAGNIE
3246;SELAMANANA;Stidien;ELEMENTS ;GROUPE 06;ANTANANARIVO;2ème COMPAGNIE
3308;ABBAS BYN;Léonard;ELEMENTS ;GROUPE 06;ANTANANARIVO;2ème COMPAGNIE
3344;RAZAFIMANDIMBY;Tsilavina Mandimbison;ELEMENTS ;GROUPE 06;ANTANANARIVO;2ème COMPAGNIE
3401;ANDRIATSOAVINA;Nomena Fitiavana;ELEMENTS ;GROUPE 06;ANTANANARIVO;2ème COMPAGNIE
3412;ANDRIANTSOA ;Yves Constantin;ELEMENTS ;GROUPE 06;ANTANANARIVO;2ème COMPAGNIE
3426;RAKOTONANAHARY;Faniry Ny voary;ELEMENTS ;GROUPE 06;ANTANANARIVO;2ème COMPAGNIE
3435;RANDRIANOTAHIANA;Fanomezantsoa;ELEMENTS ;GROUPE 06;ANTANANARIVO;2ème COMPAGNIE
3616;FANANTENANTSOA;Toky Fifaliana;ELEMENTS ;GROUPE 06;ANTANANARIVO;2ème COMPAGNIE
3618;JAO TAFARA;Omar;ELEMENTS ;GROUPE 06;ANTANANARIVO;2ème COMPAGNIE
3621;RABESAOTRA;Rajotiana Mickaël;ELEMENTS ;GROUPE 06;ANTANANARIVO;2ème COMPAGNIE
3638;RANDRIATAFIKA;Antonio;ELEMENTS ;GROUPE 06;ANTANANARIVO;2ème COMPAGNIE
3639;RANDRIATAFITA;Jacques Hernandez;ELEMENTS ;GROUPE 06;ANTANANARIVO;2ème COMPAGNIE
3711;ANDRISOA;Njakatiana;ELEMENTS ;GROUPE 06;ANTANANARIVO;2ème COMPAGNIE
3732;RAMAMIARISON;Stephan;ELEMENTS ;GROUPE 06;ANTANANARIVO;2ème COMPAGNIE
3810;ANDRIANIRINA;Harena Fitiavana;ELEMENTS ;GROUPE 06;ANTANANARIVO;2ème COMPAGNIE
3814;HENJEHY;Finoma Morose;ELEMENTS ;GROUPE 06;ANTANANARIVO;2ème COMPAGNIE
2108;ANDRIANANTENAINA;Miandry Faneva Robertin;CHEF DE GROUPE;GROUPE 07;ANTANANARIVO;2ème COMPAGNIE
2119;RAKOTOARISOA;Dieudonné;CHEF DE GROUPE;GROUPE 07;ANTANANARIVO;2ème COMPAGNIE
2137;RANAMBINANDROSOA;Emilson Sylvain;CHEF DE GROUPE;GROUPE 07;ANTANANARIVO;2ème COMPAGNIE
2155;VITAZARA;Djanfardine;CHEF DE GROUPE;GROUPE 07;ANTANANARIVO;2ème COMPAGNIE
3112;ANDRIANJAKANIAINA;Danielson;CHEF DE GROUPE;GROUPE 07;ANTANANARIVO;2ème COMPAGNIE
3116;CRUAUX;Jean Anthonny;CHEF DE GROUPE;GROUPE 07;ANTANANARIVO;2ème COMPAGNIE
3120;JAOFETRA;Lucky Sandro;CHEF DE GROUPE;GROUPE 07;ANTANANARIVO;2ème COMPAGNIE
3138;RAMAHAFALOMANANA;Gennot-Chrysanthe;CHEF DE GROUPE;GROUPE 07;ANTANANARIVO;2ème COMPAGNIE
3140;RAMIANDRISOA;Lydhot Duclay Ruthex;CHEF DE GROUPE;GROUPE 07;ANTANANARIVO;2ème COMPAGNIE
3148;RAZAFINDRANALA;Licky;CHEF DE GROUPE;GROUPE 07;ANTANANARIVO;2ème COMPAGNIE
2823;HASINA;Bira Eugudio Marc;ELEMENTS ;GROUPE 07;ANTANANARIVO;2ème COMPAGNIE
2835;RANDRIANAIVO;Feno Noely Fitahiana;ELEMENTS ;GROUPE 07;ANTANANARIVO;2ème COMPAGNIE
2845;ROBERTO ;Florent;ELEMENTS ;GROUPE 07;ANTANANARIVO;2ème COMPAGNIE
3232;RALANTOARITIANA;Lova Mandimbison;ELEMENTS ;GROUPE 07;ANTANANARIVO;2ème COMPAGNIE
3234;RANDRIAMAHOLISON;Sitrakiniaina Njakatiana;ELEMENTS ;GROUPE 07;ANTANANARIVO;2ème COMPAGNIE
3342;RAZAFIMAHATRATRA;Hadjid Adonis;ELEMENTS ;GROUPE 07;ANTANANARIVO;2ème COMPAGNIE
3410;ANDRIANANDRAINA;Hajatiana Camille;ELEMENTS ;GROUPE 07;ANTANANARIVO;2ème COMPAGNIE
3414;FALINIRINA;Nomenjanahary Jean Rico;ELEMENTS ;GROUPE 07;ANTANANARIVO;2ème COMPAGNIE
3417;LAHINIRIKO;Carlos Athanase;ELEMENTS ;GROUPE 07;ANTANANARIVO;2ème COMPAGNIE
3433;RANDRIAMAHEFA;Alimanantsoa Raphaël;ELEMENTS ;GROUPE 07;ANTANANARIVO;2ème COMPAGNIE
3434;RANDRIANATOANDRO;Bruno;ELEMENTS ;GROUPE 07;ANTANANARIVO;2ème COMPAGNIE
3444;SAFIDINIAINA;Elithon Whuillice;ELEMENTS ;GROUPE 07;ANTANANARIVO;2ème COMPAGNIE
3505;RAMAHATONGA;Julie Léontine;ELEMENTS ;GROUPE 07;ANTANANARIVO;2ème COMPAGNIE
3546;TOJONIRINA;Andry Nantenaina Herinambinina;ELEMENTS ;GROUPE 07;ANTANANARIVO;2ème COMPAGNIE
3608;ANDRIAMAHAY AVISOA;Njiva Faniry;ELEMENTS ;GROUPE 07;ANTANANARIVO;2ème COMPAGNIE
3623;RAHAJAMANANA;Aldorien Eugène;ELEMENTS ;GROUPE 07;ANTANANARIVO;2ème COMPAGNIE
3624;RAHERIVELO;Tovoniaina Fanantenana;ELEMENTS ;GROUPE 07;ANTANANARIVO;2ème COMPAGNIE
3636;RANDRIANARISOA;Anjara Ifaliana;ELEMENTS ;GROUPE 07;ANTANANARIVO;2ème COMPAGNIE
3647;TOJONDRAIBE;Jean de Capistran;ELEMENTS ;GROUPE 07;ANTANANARIVO;2ème COMPAGNIE
3722;MANANJARA;Sylvain Modeste;ELEMENTS ;GROUPE 07;ANTANANARIVO;2ème COMPAGNIE
3728;RAKOTOARIVAO;Lalasoa;ELEMENTS ;GROUPE 07;ANTANANARIVO;2ème COMPAGNIE
3731;RAMAHEFAMANANA;Tolotriniaina Matio;ELEMENTS ;GROUPE 07;ANTANANARIVO;2ème COMPAGNIE
3811;ANDRIANJA;Arnaud Felix;ELEMENTS ;GROUPE 07;ANTANANARIVO;2ème COMPAGNIE
3815;IMPANO;Egebio;ELEMENTS ;GROUPE 07;ANTANANARIVO;2ème COMPAGNIE
3816;IRCHAD;Sambalis;ELEMENTS ;GROUPE 07;ANTANANARIVO;2ème COMPAGNIE
3818;JAX;Miteran;ELEMENTS ;GROUPE 07;ANTANANARIVO;2ème COMPAGNIE
3823;MAMILAZA;Théogène Vasily;ELEMENTS ;GROUPE 07;ANTANANARIVO;2ème COMPAGNIE
3826;MANIRY;Etienne;ELEMENTS ;GROUPE 07;ANTANANARIVO;2ème COMPAGNIE
3830;RAFIDISON;Angeliot Seraphin Eugené;ELEMENTS ;GROUPE 07;ANTANANARIVO;2ème COMPAGNIE
3836;RANDRIAMANJAKA;Heriniaina Dieu Donné;ELEMENTS ;GROUPE 07;ANTANANARIVO;2ème COMPAGNIE
1210;ANDRIANIONY;Ralinoro Johary;CHEF DE GROUPE;GROUPE 08;ANTANANARIVO;2ème COMPAGNIE
1220;RACHIDI;Iliassa Aboudou;CHEF DE GROUPE;GROUPE 08;ANTANANARIVO;2ème COMPAGNIE
2124;RAKOTOMARO;Tahina Nirina;CHEF DE GROUPE;GROUPE 08;ANTANANARIVO;2ème COMPAGNIE
2802;MIARISOA;Christelle Herimalala;ELEMENTS ;GROUPE 08;ANTANANARIVO;2ème COMPAGNIE
2804;RAFANOMEZANTSOA;Annise Jacquelas;ELEMENTS ;GROUPE 08;ANTANANARIVO;2ème COMPAGNIE
2816;ANDRINIAINA;Guillaum Albert;ELEMENTS ;GROUPE 08;ANTANANARIVO;2ème COMPAGNIE
2825;INDRIANJAFY NIRINA;Jean Marc;ELEMENTS ;GROUPE 08;ANTANANARIVO;2ème COMPAGNIE
2840;RAZAFINDRAIBE;David Ernest;ELEMENTS ;GROUPE 08;ANTANANARIVO;2ème COMPAGNIE
3203;FANIRISOA;Arinjaka;ELEMENTS ;GROUPE 08;ANTANANARIVO;2ème COMPAGNIE
3227;RAFIDSON;Tokiniaina Julio Rijkaard;ELEMENTS ;GROUPE 08;ANTANANARIVO;2ème COMPAGNIE
3319;RAHERIMANJATO;Nasandratriniaina Fenosoa Gaétan;ELEMENTS ;GROUPE 08;ANTANANARIVO;2ème COMPAGNIE
3403;FANOMEZANTSOA;Urène;ELEMENTS ;GROUPE 08;ANTANANARIVO;2ème COMPAGNIE
3511;ANDRIAMBOLATIANA;Jean Rolland;ELEMENTS ;GROUPE 08;ANTANANARIVO;2ème COMPAGNIE
3512;ANDRIAMPARANY;Hery Fitahiana;ELEMENTS ;GROUPE 08;ANTANANARIVO;2ème COMPAGNIE
3513;ANDRIANARIJAONA;Andry Nirina;ELEMENTS ;GROUPE 08;ANTANANARIVO;2ème COMPAGNIE
3521;NY AVANA;Rabenantoanina;ELEMENTS ;GROUPE 08;ANTANANARIVO;2ème COMPAGNIE
3527;RAKOTOMALALA;Lantosoa Njivaniaina;ELEMENTS ;GROUPE 08;ANTANANARIVO;2ème COMPAGNIE
3540;RANDRIANANTSOAVINA;José;ELEMENTS ;GROUPE 08;ANTANANARIVO;2ème COMPAGNIE
3617;ISANDRATRY;Tsilerison Charly;ELEMENTS ;GROUPE 08;ANTANANARIVO;2ème COMPAGNIE
3641;REVAIGNA;Tokiarivola Ginot Espera;ELEMENTS ;GROUPE 08;ANTANANARIVO;2ème COMPAGNIE
3649;VORY VALEUR;Todisoa;ELEMENTS ;GROUPE 08;ANTANANARIVO;2ème COMPAGNIE
2131;RAKOTONIRINA;Jean Baptiste;CHEF DE GROUPE;GROUPE 09;ANTANANARIVO;2ème COMPAGNIE
2143;RASOLONIAINA;Njaratiana Bercy Elysé;CHEF DE GROUPE;GROUPE 09;ANTANANARIVO;2ème COMPAGNIE
2145;RAVELOARISON;Ando Fanantenana;CHEF DE GROUPE;GROUPE 09;ANTANANARIVO;2ème COMPAGNIE
3114;ANISCO;Tsiatosy;CHEF DE GROUPE;GROUPE 09;ANTANANARIVO;2ème COMPAGNIE
3115;BRICE LAURE BONERA;Zafindratody;CHEF DE GROUPE;GROUPE 09;ANTANANARIVO;2ème COMPAGNIE
3121;JERIMANANA;Irin;CHEF DE GROUPE;GROUPE 09;ANTANANARIVO;2ème COMPAGNIE
3127;RAJOELIMAMY;Onja;CHEF DE GROUPE;GROUPE 09;ANTANANARIVO;2ème COMPAGNIE
3128;RAFILIARINDRATOVO;Paysannat;CHEF DE GROUPE;GROUPE 09;ANTANANARIVO;2ème COMPAGNIE
3132;RAKOTOMAMONJY;Augustin Théodore;CHEF DE GROUPE;GROUPE 09;ANTANANARIVO;2ème COMPAGNIE
3136;RAKOTONOMENJANAHARY;Avotra Ramaroson;CHEF DE GROUPE;GROUPE 09;ANTANANARIVO;2ème COMPAGNIE
3137;RAKOTOSIANAKA;Mandimbison Alexaes;CHEF DE GROUPE;GROUPE 09;ANTANANARIVO;2ème COMPAGNIE
3141;RANAIVOARIVELO;Ratiaray Fabien;CHEF DE GROUPE;GROUPE 09;ANTANANARIVO;2ème COMPAGNIE
2440;RAZAFIARISOA;Christian;ELEMENTS ;GROUPE 09;ANTANANARIVO;2ème COMPAGNIE
2522;RAJAONARISON;Henintsoa Herilalaina;ELEMENTS ;GROUPE 09;ANTANANARIVO;2ème COMPAGNIE
2523;RAJAONARISON;Tolotriniavo;ELEMENTS ;GROUPE 09;ANTANANARIVO;2ème COMPAGNIE
2529;RAKOTONISAINANA;Stephan Joël Sacré Cur;ELEMENTS ;GROUPE 09;ANTANANARIVO;2ème COMPAGNIE
2535;RANARISON;Andrianina Gaëtan;ELEMENTS ;GROUPE 09;ANTANANARIVO;2ème COMPAGNIE
2607;RAVAOARISOA;Mamitiana;ELEMENTS ;GROUPE 09;ANTANANARIVO;2ème COMPAGNIE
2718;MAHAVANY;Bezaka Velomanoro;ELEMENTS ;GROUPE 09;ANTANANARIVO;2ème COMPAGNIE
2722;RABESATA;Andriamihaja;ELEMENTS ;GROUPE 09;ANTANANARIVO;2ème COMPAGNIE
2730;RANDRIAMANAMPISOA;Ravakiniaina Felix;ELEMENTS ;GROUPE 09;ANTANANARIVO;2ème COMPAGNIE
2820;HAJARISOA;Jeremy;ELEMENTS ;GROUPE 09;ANTANANARIVO;2ème COMPAGNIE
2834;RANDRIAMAHASAMBOZAFY;Andriamamonjy Isidore;ELEMENTS ;GROUPE 09;ANTANANARIVO;2ème COMPAGNIE
2842;RAZAFINDRAVELO;Ryaz Mamilasse;ELEMENTS ;GROUPE 09;ANTANANARIVO;2ème COMPAGNIE
3309;ANDRIAMALALATIANA;Yves Landoh;ELEMENTS ;GROUPE 09;ANTANANARIVO;2ème COMPAGNIE
3311;ANDRIAMASINONY;Zafy Mahatratra Joseph;ELEMENTS ;GROUPE 09;ANTANANARIVO;2ème COMPAGNIE
3328;RALALATIANA;Lucas Stiven;ELEMENTS ;GROUPE 09;ANTANANARIVO;2ème COMPAGNIE
3413;ANDRIATAHINA;Hasina Tsilavina;ELEMENTS ;GROUPE 09;ANTANANARIVO;2ème COMPAGNIE
3437;RAZAFIMBOAHANGY;Pierrôt Clermont;ELEMENTS ;GROUPE 09;ANTANANARIVO;2ème COMPAGNIE
3601;KAMAMY ;Adela Nahasoa;ELEMENTS ;GROUPE 09;ANTANANARIVO;2ème COMPAGNIE
3610;ANDRIAMPARANY;Boliot;ELEMENTS ;GROUPE 09;ANTANANARIVO;2ème COMPAGNIE
3630;TSIRIMALALA ;Andritiana Joachin ;ELEMENTS ;GROUPE 09;ANTANANARIVO;2ème COMPAGNIE
3631;RAKOTOZAFY;Mijoro Jean Baptiste;ELEMENTS ;GROUPE 09;ANTANANARIVO;2ème COMPAGNIE
3726;RAFALIMANANA;Roméonito Juresse;ELEMENTS ;GROUPE 09;ANTANANARIVO;2ème COMPAGNIE
3808;ANDRIAMAHARO;Richard;ELEMENTS ;GROUPE 09;ANTANANARIVO;2ème COMPAGNIE
3847;SARELINA;Nalaina Clinton;ELEMENTS ;GROUPE 09;ANTANANARIVO;2ème COMPAGNIE
1143;RAPHAEL;Jean Dronique;CHEF DE GROUPE;GROUPE 10;ANTANANARIVO;2ème COMPAGNIE
1154;VONJINIAINA;Kiadisoa Bien Aimé;CHEF DE GROUPE;GROUPE 10;ANTANANARIVO;2ème COMPAGNIE
1114;ANDRIANJAFY;Faritako Latoro;CHEF DE GROUPE;GROUPE 10;ANTANANARIVO;2ème COMPAGNIE
1155;VONKEVETSE;Jean Christophe;CHEF DE GROUPE;GROUPE 10;ANTANANARIVO;2ème COMPAGNIE
1226;RAHONIMANANA;Santatra Dimbiniaina;CHEF DE GROUPE;GROUPE 10;ANTANANARIVO;2ème COMPAGNIE
1227;RAJAONARISAONA;Feno Ny Aina;CHEF DE GROUPE;GROUPE 10;ANTANANARIVO;2ème COMPAGNIE
1245;RATAHIRY;Hery Marc;CHEF DE GROUPE;GROUPE 10;ANTANANARIVO;2ème COMPAGNIE
3212;ANDRIANJAKA;Tolotriniaina;ELEMENTS ;GROUPE 10;ANTANANARIVO;2ème COMPAGNIE
3243;RAVELOSOA;Jean Russel;ELEMENTS ;GROUPE 10;ANTANANARIVO;2ème COMPAGNIE
3301;FIARETANA ;Joséphine;ELEMENTS ;GROUPE 10;ANTANANARIVO;2ème COMPAGNIE
3312;ANDRIAMIHAJA ;Justin;ELEMENTS ;GROUPE 10;ANTANANARIVO;2ème COMPAGNIE
3324;RAKOTONDRAMARA;Gilbert;ELEMENTS ;GROUPE 10;ANTANANARIVO;2ème COMPAGNIE
3329;RALANDIMANANA;Radoniaina Toavina;ELEMENTS ;GROUPE 10;ANTANANARIVO;2ème COMPAGNIE
3331;RAMAMPIARINA;Gladis Welly;ELEMENTS ;GROUPE 10;ANTANANARIVO;2ème COMPAGNIE
3334;RANAIVOALISON;Miarifeno;ELEMENTS ;GROUPE 10;ANTANANARIVO;2ème COMPAGNIE
3338;RANDRIANASOLO;Ronaldo Rodrigue;ELEMENTS ;GROUPE 10;ANTANANARIVO;2ème COMPAGNIE
3340;RATOJONIRIANA;Fanantenana Bruno;ELEMENTS ;GROUPE 10;ANTANANARIVO;2ème COMPAGNIE
3420;MONJASON;Fanomenjanahary Jocelin;ELEMENTS ;GROUPE 10;ANTANANARIVO;2ème COMPAGNIE
3424;RAKOTOMALALA;Faniry Junot;ELEMENTS ;GROUPE 10;ANTANANARIVO;2ème COMPAGNIE
3503;RABEARISOA;Jeanne Pascaline;ELEMENTS ;GROUPE 10;ANTANANARIVO;2ème COMPAGNIE
3509;ANDRIAMAHERISOA;Miora Jean Chrys;ELEMENTS ;GROUPE 10;ANTANANARIVO;2ème COMPAGNIE
3520;NAMBININTSOA;Jean Lucianot;ELEMENTS ;GROUPE 10;ANTANANARIVO;2ème COMPAGNIE
3522;RABEZANAHARY;Rabenosy Mamy;ELEMENTS ;GROUPE 10;ANTANANARIVO;2ème COMPAGNIE
3525;RAHARINANTENAINA;Valisoa Dani Mariel;ELEMENTS ;GROUPE 10;ANTANANARIVO;2ème COMPAGNIE
3539;RANDRIAMIRASAMANANA;François Zhioland;ELEMENTS ;GROUPE 10;ANTANANARIVO;2ème COMPAGNIE
3544;TIANDRAIKO;Evariste;ELEMENTS ;GROUPE 10;ANTANANARIVO;2ème COMPAGNIE
3609;ANDRIAMAHAZO;Nomena Sarobidy Daniel;ELEMENTS ;GROUPE 10;ANTANANARIVO;2ème COMPAGNIE
3719;MAGNINA;Razafindramaka;ELEMENTS ;GROUPE 10;ANTANANARIVO;2ème COMPAGNIE
3724;NOMENJANAHARY;Maminiaina Ismaël Odolphe;ELEMENTS ;GROUPE 10;ANTANANARIVO;2ème COMPAGNIE
3733;RAMAMONJISOA;Hery Hasina Niaina;ELEMENTS ;GROUPE 10;ANTANANARIVO;2ème COMPAGNIE
3745;RAVELOMIHAJA;Eric Fredel;ELEMENTS ;GROUPE 10;ANTANANARIVO;2ème COMPAGNIE
3837;RANDRIAMIAROTIANA;Avotriniaina Emilien;ELEMENTS ;GROUPE 10;ANTANANARIVO;2ème COMPAGNIE
2122;RAKOTOHARIMALALA ;Tiana Mickael;CHEF DE GROUPE;GROUPE 11;ANTANANARIVO;2ème COMPAGNIE
2126;RAKOTONDRAINIBE;Amboara Kantonirina;CHEF DE GROUPE;GROUPE 11;ANTANANARIVO;2ème COMPAGNIE
2140;RANDRIATSIHOARANA;Solofoniharinja Jonathan;CHEF DE GROUPE;GROUPE 11;ANTANANARIVO;2ème COMPAGNIE
2142;RASOLOMANANA;Anthony Nelson Severin;CHEF DE GROUPE;GROUPE 11;ANTANANARIVO;2ème COMPAGNIE
1305;RAVOLOLONANDRASANA;Nomenjanahary Eugenie;ELEMENTS ;GROUPE 11;ANTANANARIVO;2ème COMPAGNIE
1307;ANDRIAMARO;Manda Ny Iarivo;ELEMENTS ;GROUPE 11;ANTANANARIVO;2ème COMPAGNIE
1316;FITAHIA;William Edouard Romuald;ELEMENTS ;GROUPE 11;ANTANANARIVO;2ème COMPAGNIE
1328;RALAIVOAVY FO;Elis Honoré;ELEMENTS ;GROUPE 11;ANTANANARIVO;2ème COMPAGNIE
1331;RANDRIANAMBININA;Jean Rodrig;ELEMENTS ;GROUPE 11;ANTANANARIVO;2ème COMPAGNIE
1412;LOÏC;Zenery;ELEMENTS ;GROUPE 11;ANTANANARIVO;2ème COMPAGNIE
1449;TSIRIVANIRINA;Roberto Antoly;ELEMENTS ;GROUPE 11;ANTANANARIVO;2ème COMPAGNIE
1501;ANDRIANTOLONJANAHARY;Ange Roccania;ELEMENTS ;GROUPE 11;ANTANANARIVO;2ème COMPAGNIE
1515;BEANJAFY;Jean Claudio;ELEMENTS ;GROUPE 11;ANTANANARIVO;2ème COMPAGNIE
1527;RAKOTOARITSIMBA;Finoana Rojo Vatosoa;ELEMENTS ;GROUPE 11;ANTANANARIVO;2ème COMPAGNIE
1535;RANDRIANARINOSY;Tsinjo Hery Sambatra;ELEMENTS ;GROUPE 11;ANTANANARIVO;2ème COMPAGNIE
1542;RAVELOARSON;Hans Ulrich Idrice;ELEMENTS ;GROUPE 11;ANTANANARIVO;2ème COMPAGNIE
1545;RAZAFINDRAKOTO;Horace Dimitri;ELEMENTS ;GROUPE 11;ANTANANARIVO;2ème COMPAGNIE
1548;SOLOMAMPIONONA ;Maminandrasana;ELEMENTS ;GROUPE 11;ANTANANARIVO;2ème COMPAGNIE
1606;TSILAOHERIMANANA;Mbolatiana Manitra Jo-Hostinah;ELEMENTS ;GROUPE 11;ANTANANARIVO;2ème COMPAGNIE
1617;FIDIRANTSOA;;ELEMENTS ;GROUPE 11;ANTANANARIVO;2ème COMPAGNIE
1628;RAKOTOMALALA;Herinantenaina Gilbert;ELEMENTS ;GROUPE 11;ANTANANARIVO;2ème COMPAGNIE
1645;RAZANAKARIVO;Ismaèl Asraf;ELEMENTS ;GROUPE 11;ANTANANARIVO;2ème COMPAGNIE
1648;TONGASOA;Jean Tiandrainy Edmond;ELEMENTS ;GROUPE 11;ANTANANARIVO;2ème COMPAGNIE
1705;RASOLONJATOVO;Harimangasoa Fitiavana;ELEMENTS ;GROUPE 11;ANTANANARIVO;2ème COMPAGNIE
1720;MANANJARA;Hyacinthe Fabrice;ELEMENTS ;GROUPE 11;ANTANANARIVO;2ème COMPAGNIE
1730;RAKOTOARIZAFY;Mandatsilavo Lovatiana;ELEMENTS ;GROUPE 11;ANTANANARIVO;2ème COMPAGNIE
1803;JAORINE;Erira;ELEMENTS ;GROUPE 11;ANTANANARIVO;2ème COMPAGNIE
1817;MARDINE;;ELEMENTS ;GROUPE 11;ANTANANARIVO;2ème COMPAGNIE
1826;RAKOTONAJAINA;Tahiantsoa Safidy;ELEMENTS ;GROUPE 11;ANTANANARIVO;2ème COMPAGNIE
1844;RAZAFIMANDIMBY;Yves Bernardin;ELEMENTS ;GROUPE 11;ANTANANARIVO;2ème COMPAGNIE
1847;TAHINDRAZA;Mario;ELEMENTS ;GROUPE 11;ANTANANARIVO;2ème COMPAGNIE
2205;SOAVITA;Delicia Rehana;ELEMENTS ;GROUPE 11;ANTANANARIVO;2ème COMPAGNIE
2206;HARITIANA;Natacha Stanislas;ELEMENTS ;GROUPE 11;ANTANANARIVO;2ème COMPAGNIE
2209;ANDRIANARIVELO;Justin Rico;ELEMENTS ;GROUPE 11;ANTANANARIVO;2ème COMPAGNIE
2211;ANDRIATSIHIVA;Ny Mahenina Hasina;ELEMENTS ;GROUPE 11;ANTANANARIVO;2ème COMPAGNIE
2215;HERIVONJY;Jean Nandrasana Mario;ELEMENTS ;GROUPE 11;ANTANANARIVO;2ème COMPAGNIE
2222;NOMENIMAHERY;Pierre Mandela;ELEMENTS ;GROUPE 11;ANTANANARIVO;2ème COMPAGNIE
2237;RANDRIANAMBININA;Tsialonina Ernest;ELEMENTS ;GROUPE 11;ANTANANARIVO;2ème COMPAGNIE
2244;RAVOHOTSARA ;Diman Eddynos;ELEMENTS ;GROUPE 11;ANTANANARIVO;2ème COMPAGNIE
