1101;ANDRIANJAFY ALIMINA DONNIE;F;347657681;Amoron'ny mania;MATSIATRA;;
1102;NIRIANTSOA FANJALALAINA;F;342085859;Analamanga ;TSIRIBIHINA 3;RAITRA;
1103;RAKOTONDRABE V.STEPHANIE;F;343535187;Atsimo Andrefana;SOFIA 2;HASINA;
1104;RAVELOMANANTSOA MIREILLE ;F;349767219;Anosy;SOFIA 3;;
1105;RAZAFIMALALA TINA ANNICK PATRICIA;F;348040176;Haute Matsiatra;MATSIATRA;;
1106;RAZAFINDRAKOTO SOAFARA DINA LALAO;F;342603906;Itasy;TSIRIBIHINA 3;;
1107;VONIMPITIAVANA ROSIE;F;341985620;Vato Vavy;MATSIATRA;;
1108;ANDRIAMAHAY NARINDRA ;M;341980400;Analamanga ;LAC ALAOTRA;;
1109;ANDRIAMBOLA FENO C.;M;349335597;Haute Matsiatra;LAC ALAOTRA;;
1110;ANDRIAMIHAJA LUCIEN;M;347611529;Analamanga ;LAC ALAOTRA;;
1111;ANDRIAMITANTSOA MAHALEO JEAN FRANCIS;M;345092746;Analamanga ;LAC ALAOTRA;;
1112;ANDRIANANTENAINA FANILSON;M;343373696;Analamanga ;LAC ALAOTRA;;
1113;ANDRIANIRINA ANIL JUSTEL;M;344719960;Fito vinany;LAC ALAOTRA;;
1114;ANDRIANJAFY FARITAKO LATORO;M;341378377;Analamanga ;LAC ALAOTRA;;
1115;BETSAROANA ODIN BENJAMIN;M;345403553;Analanjirofo;LAC ALAOTRA;;
1116;DAVIDSON TSIRY. A;M;347962898;Vakinakaratra;LAC ALAOTRA;MEVA;COORDINATEUR ADJOINT
1117;DJOUSSOUF HARRY FREDERIC;M;341090781;Toamasina;LAC ALAOTRA;;
1118;FANOMEZANTSOA HARIVONY ROGER CHRISTIAN;M;346143773;Atsimo Andrefana;LAC ALAOTRA;;
1119;FIONONANTSOA KANTONIAINA RAJO;M;342050097;Itasy;LAC ALAOTRA;ROVA;COORDINATEUR ADJOINT
1120;HANANANTSOA RADY MARIE ILDEVERT;M;346376666;Haute Matsiatra;LAC ALAOTRA;AINGA;
1121;HASINIAINA ANDRIANINA ;M;340374506;Vakinakaratra;LAC ALAOTRA;;
1122;HERIMAMPIONONA JOSE EDDY;M;347994110;Manakara;LAC ALAOTRA;RAITRA;
1123;HERINANDRASANA CELESTIN FLEURIS;M;346649426;Alaotra Mangoro;LAC ALAOTRA;;
1124;IZAFINDRALEZO JEAN JHONSON VICTORY;M;331777959;ATSimo Atsinanana;LAC ALAOTRA;;
1125;NANTENAINA RAKOTO JEAN MARIE;M;347994110;Haute Matsiatra;LAC ALAOTRA;;
1126;NOMENASOATAHINA TANTELY HAJAINA BERTHINI ALBERT;M;343079157;Amoron'ny mania;LAC ALAOTRA;;
1127;RABEARIMANANA TAMBIMAMPIONINA M.;M;342095295;Analamanga ;LAC ALAOTRA;;
1128;RAFANOMEZANA NY AINA ;M;343372871;Itasy;LAC ALAOTRA;MEVA;COORDINATEUR ADJOINT
1129;RAFANOMEZANJANAHARY HERY JEAN RODIN;M;342881918;Itasy;LAC ALAOTRA;;
1130;RAKOTOARISOA HERY MICHEL;M;322173274;Boeny;LAC ALAOTRA;;
1131;RAKOTONARIVO ONJATIANA HERIZO;M;344208965;Analamanga ;LAC ALAOTRA;;
1132;RAKOTONDRAJAONA SANDRATRA JEREMIE;M;340873996;Vakinakaratra;LAC ALAOTRA;;
1133;RAKOTONDRAMANGA SAVARAHONAM.N.A.T;M;344752554;Vakinakaratra;LAC ALAOTRA;;
1134;RALAIMARO MANDRESIARISOA;M;342714184;Amoron'ny mania;LAC ALAOTRA;;
1135;RAMANAMBOLOLONA MIRINDRA ALAIN PATRCK;M;342603906;Analamanga ;LAC ALAOTRA;;
1136;RANDRIAMAHEFA ADELPH ;M;348950010;Sofia;LAC ALAOTRA;;
1137;RANDRIAMBOAVONJY PASCAL ;M;334037631;Boeny;LAC ALAOTRA;LAFATRA;
1138;RANDRIAMIARINTSOA ROJONIRINA DANNY;M;347279130;Analamanga ;LAC ALAOTRA;;
1139;RANDRIAMIFEHY SEDRA ANDRIAMISITOMBO;M;340606006;Alaotra Mangoro;LAC ALAOTRA;MANDA;COORDINATEUR
1140;RANDRIANANDRASANA SAFIDINIAINA;M;336459529;Analamanga ;LAC ALAOTRA;;
1141;RANDRIANANTENAINA T.J.MICHEL;M;340729868;Ihorombe;LAC ALAOTRA;HASINA;
1142;RANDRIANJAKA F.BRUNO;M;340991885;Boeny;LAC ALAOTRA;MEVA;
1143;RAPHAEL JEAN DRONIQUE;M;348884806;Analamanga ;LAC ALAOTRA;;
1144;RASAMISON FANOMEZANJANAHARY MANO;M;343138507;Amoron'ny mania;LAC ALAOTRA;;
1145;RASOLOFOSON SANDY MAMPIONONA ;M;340683970;Vakinakaratra;LAC ALAOTRA;FENITRA;
1146;RAVALISON ANDRINIAINA VOARY;M;329521467;Analamanga ;LAC ALAOTRA;;
1147;RAZAFINARAPAOLY ANDRIANATOAVINTSOA;M;345159059;Amoron'ny mania;LAC ALAOTRA;;
1148;RAZAFINDRAINIBE NJOHARINIRINA;M;341961997;Analamanga ;LAC ALAOTRA;;
1149;RAZAFINTSEHENO MAMINIAINA;M;332150000;Analamanga ;LAC ALAOTRA;;
1150;RAZAFITSIFERANA DESIRE;M;346005378;Amoron'ny mania;LAC ALAOTRA;AINGA;
1151;RAZAKANTOANINA NANTENAINA AURELIEN;M;341895248;Analamanga ;LAC ALAOTRA;;
1152;SELMOND TSIAMPINDRAZY;M;340525194;Atsimo Andrefana;LAC ALAOTRA;AINGA;
1153;SETRIFANASOAVANA VELOMENDRIKA RAKOTOMALALA;M;384149958;Betsiboka;LAC ALAOTRA;;
1154;VONJINIAINA BIEN AIME;M;348708208;Analamanga ;LAC ALAOTRA;;
1155;VONKEVETSE JEAN CHRISTOPHE ;M;345835446;Ambovombe Androy;LAC ALAOTRA;;
1201;ANDRINJAFINDRALEMA F. A. THERESA;F;349701979;Anosy;MATSIATRA;HASINA;COORDINATEUR ADJOINTE
1202;BEBY ADELINE ;F;340931517;Toliara;MATSIATRA;;
1203;MIORA RINALDO RATOLOJANAHARY;F;341327030;Analamanga;MATSIATRA;;
1204;RAHANITRINIAINA ZANAJAZA MARCELLINE LYDIA;F;349730534;Haute Matsiatra;MATSIATRA;;
1205;RAHARISOA NY ANJARASOA MIARITIANA;F;341210540;Analamanga;MATSIATRA;;
1206;SOATSARA LEHITA ORTHENSE;F;342960011;Haute Matsiatra;MATSIATRA;;
1207;Z'ALAIMONGO NOMENJANAHARY ZOE JULIE;F;349300166;Menebe;MATSIATRA;;
1208;ANDRIAMAHAMANGA TOKY FIFALIANA;M;343607347;Haute Matsiatra;LAC ALAOTRA;;
1209;ANDRIANAMBININARIVO LANJATIANA AUGUSTIN;M;348561334;Amoron'ny Mania;LAC ALAOTRA;;
1210;ANDRIANIONY RALINORO JOHARY;M;349338425;Vato vavy;LAC ALAOTRA;;
1211;AVOMANANA JEANNEL;M;344488703;Haute Matsiatra;LAC ALAOTRA;;
1212;FANASINTSEHENO PEJY NAVALONA NIRINA;M;344314025;Analamanga;LAC ALAOTRA;FENITRA;
1213;FENOSAY RAMBOLAFITIAVANA HENINTSOA;M;348207319;Atsimo Atsinanana;LAC ALAOTRA;;
1214;HANTAMAMONJY STEVEN CLARCK;M;327612981;Vakinakaratra;LAC ALAOTRA;;
1215;HERINJAKA JEAN FREDERIC;M;348919857;Anosy;LAC ALAOTRA;AINGA;
1216;KAMANENGY CELESTIN ;M;347446527;Atsimo Atsinanana;LAC ALAOTRA;ROVA;
1217;MAHAZOMANA RANTONIRINA BOTOTSANA;M;343919916;Amoron'ny Mania;LAC ALAOTRA;HASINA;
1218;MOSA TSIVERY ;M;349809396;Astimo Andrefana;LAC ALAOTRA;FENITRA;
1219;ONAH PAUL;M;341351949;Analajirofo;LAC ALAOTRA;;
1220;RACHIDI ILIASSA ABOUDOU;M;342184530;Analamanga;LAC ALAOTRA;;
1221;RAFIANDRANA KENY MAMY;M;344339595;Amoron'ny Mania;LAC ALAOTRA;ROVA;
1222;RAFIDISON RIVO. Y;M;328296870;Analamanga;LAC ALAOTRA;LOVA;
1223;RAHARIMALALA J. JUDICAEL;M;343183812;Analanjirofo;LAC ALAOTRA;FENITRA;
1224;RAHARINJANAHARY NAMPIONONA;M;344030855;Haute Matsiatra;LAC ALAOTRA;;
1225;RAHARISON NIRINA AMBININTSOA;M;348622786;Amoron'ny Mania;LAC ALAOTRA;LOVA;
1226;RAHONIMANANA SANTATRA DIMBINIAINA;M;340979050;Analamanga;LAC ALAOTRA;ROVA;
1227;RAJAONARISAONA FENO NY AINA;M;349292265;Analamanga;LAC ALAOTRA;;
1228;RAKOTOARIJAONA JOLIN;M;346823086;Analamanga;LAC ALAOTRA;LAFATRA;
1229;RAKOTONDRASOA J.M L. ARRIS;M;345637774;Analamanga;LAC ALAOTRA;;
1230;RAKOTONIAINA GERMAIN J E;M;342581016;Haute Matsiatra;LAC ALAOTRA;MEVA;
1231;RAKOTONIRINA HARIVOLA E. C.;M;385672228;Haute Matsiatra;LAC ALAOTRA;;
1232;RAKOTONIRINA ROMUALD JEROME;M;346419948;Analamanga;LAC ALAOTRA;;
1233;RALAHINIRINA ETIENNE JONAS A.;M;349542752;Anosy;LAC ALAOTRA;;
1234;RAMAMONJISOA VAHATRINIAINA HERIHASINA AIME;M;346459767;Analamanga;LAC ALAOTRA;RAITRA;
1235;RAMANANTSOA ANDRIANOME HARENA;M;349195961;Imelaky;LAC ALAOTRA;;
1236;RAMIANDRARIVO TEFINIRINA TAFITASOA;M;340517879;Amoron'ny Mania;LAC ALAOTRA;;
1237;RANALIMANANA HARIMIANDRA ;M;346170036;Analamanga;LAC ALAOTRA;FENITRA;
1238;RANDRIAMANJATO JEAN FREDERIC;M;345145555;Analamanga;LAC ALAOTRA;;
1239;RANDRIAMIHANTA D.S.GUSTAVE;M;342511102;Atsimo Atsinanana;LAC ALAOTRA;AINGA;
1240;RANDRIAMPARANY TED STEDOARDO;M;342996356;Diana;LAC ALAOTRA;;
1241;RANDRIANARISON FENO RAVO DANIEL;M;344595945;Analamanga;LAC ALAOTRA;;
1242;RANDRIANARIVELO HERINIAINA LANDRY;M;346728276;Alaotra Mangoro;LAC ALAOTRA;;
1243;RANDRIANASOLO JEAN YVES ;M;328668160;Betsiboka;LAC ALAOTRA;AINGA;
1244;RANDRIANASOLO ONJANIAINA ;M;342546627;Analamanga;LAC ALAOTRA;MEVA;
1245;RATAHIRY HERY MARC;M;341802252;Analamanga;LAC ALAOTRA;;
1246;RATSIMBAZAFY NJAKA F F;M;343944640;Amoron'ny Mania;LAC ALAOTRA;AINGA;
1247;RAZAFIMANANTSOA GILBERT ANDRE;M;349904678;Vato vavy;LAC ALAOTRA;;
1248;RAZAFINDRABE LOVATIANA;M;341509356;Vakinakaratra;LAC ALAOTRA;;
1249;RAZAFINDRALALA TAFARA RODE;M;343335114;Analanjirofo;LAC ALAOTRA;IRATRA;
1250;RAZAFISON HERY TAHINA O;M;386746860;Menebe;LAC ALAOTRA;;
1251;SAMBO MAGNENOSOA;M;341154083;Androy;LAC ALAOTRA;HASINA;
1252;SOLOFONJANAHARY ANDRITIANA ;M;345103468;Analamanga;LAC ALAOTRA;;
1253;TOFENO FRANCEL ;M;347413833;Atsimo Atsinanana;LAC ALAOTRA;FENITRA;
1254;TSABOTOKAY HONORICE C;M;381188966;Fito Vinany;LAC ALAOTRA;;
1255;TSIHOROGNE S. BRUNO;M;344089980;Androy;LAC ALAOTRA;MANDA;
2101;ANDRIAHARIMALALA SAFIDY NIRINA;F;340654948;Alaotra Mangoro;SOFIA 2;;
2102;FARAVAVY CLEMENCE ELLA THEODULE;F;344374361;Betioky sud;TSIRIBIHINA 3;AINGA;
2103;RAHAINGOMALALA OLISOA NIVO;F;341851499;Analamanga;MATSIATRA;;
2104;RAHARISON MARIE PAMELLA;F;342305772;Atsimo Andrefana;SOFIA 2;;
2105;RAHELIARISOA RANTONIAIANA NATACHA;F;343314922;Analamanga;SOFIA 2;;
2106;RAVELOARINANJA TSANTA NIRINA;F;340959929;Haute Matsiatra;SOFIA 3;;
2107;VONINALA A. HARIVOLOLONA;F;349607101;Amoron'ny mnia;SOFIA 1;MEVA;
2108;ANDRIANANTENAINA MIANDRY FANEVA ROBERTIN;M;345252893;Analamanga;LAC ALAOTRA;;
2109;ANDRIANANTENAINA RIVOLALA;M;346996513;Analamanga;LAC ALAOTRA;;
2110;ANDRIANTSEHENOARIVO JEAN SEBASTIEN ;M;345644207;Analamanga;LAC ALAOTRA;;
2111;ANDRISOAFANIRY TSILAVINA FRANCIS;M;342810490;Haute Matsiatra;LAC ALAOTRA;;
2112;FITAHIANTSOA ALBERT TATO;M;346298298;Atsimo Andrefana;LAC ALAOTRA;;
2113;JUSTIN ZISTOARA;M;347822037;Atsimo Andrefana;LAC ALAOTRA;ROVA;
2114;MAMITIANA MICHEL;M;343779169;Alaotra Mangoro;LAC ALAOTRA;LOVA;
2115;MIJOROLAZA H.P.MARTIN;M;389633127;I Horombe;LAC ALAOTRA;LAFATRA;
2116;RABARIJOHN MIRANTO JUDICAEL;M;341948715;Analamanga;LAC ALAOTRA;;
2117;RABEMANANJARA ROLYS;M;327052627;Sofia;LAC ALAOTRA;;
2118;RAFENONJANAHARY HERILAZA FERDINAND;M;349075868;Vakinakaratra;LAC ALAOTRA;;
2119;RAKOTOARISOA DIEUDONNE;M;346187806;Haute Matsiatra;LAC ALAOTRA;;
2120;RAKOTOARISOA MAMINISEDRA JEAN LUC;M;346244036;Analamanga;LAC ALAOTRA;;
2121;RAKOTOBE SITRAKA MAHERY ZO VITTORIO;M;344125202;Analamanga;LAC ALAOTRA;FENITRA;
2122;RAKOTOHARIMALALA TIANA MICHAEL ;M;342676610;Analamanga;LAC ALAOTRA;ROVA;
2123;RAKOTOMAHEFATIANA ROVASOA;M;347909091;Analamanga;LAC ALAOTRA;;
2124;RAKOTOMARO TAHINA NIRINA;M;342410515;Analamanga;LAC ALAOTRA;;
2125;RAKOTONANDRASANA FRANCOIS XAVIER ;M;347134555;Amoron'ny mnia;LAC ALAOTRA;ROVA;COORDINATEUR ADJOINT
2126;RAKOTONDRAINIBE AMBOARA KANTONIRINA ;M;383068097;Analamanga;LAC ALAOTRA;;
2127;RAKOTONDRAMANANA FANOMEZAMANDIMBIMSOA.N;M;344061090;Analamanga;LAC ALAOTRA;;
2128;RAKOTONDRATSIMBA HAJANIAINA MIHAMINTSOA;M;345477719;Analamanga;LAC ALAOTRA;;
2129;RAKOTONDRAVAO HAJA BUNI;M;387797110;Analamanga;LAC ALAOTRA;;
2130;RAKOTONIAINA ANDRIATSILAVO ROLAND;M;340709507;Analamanga;LAC ALAOTRA;;
2131;RAKOTONIRINA JEAN BAPTISTE ;M;345287007;Alaotra Mangoro;LAC ALAOTRA;;
2132;RAKOTONOELY HARISON ERIC;M;348891189;Analamanga;LAC ALAOTRA;;
2133;RALOHOTSY MAMINDRAIBE VICTOR SAMUEL;M;347476515;Haute Matsiatra;LAC ALAOTRA;AINA;
2134;RAMAHANDRY BOAZA;M;341961286;Itasy;LAC ALAOTRA;LAFATRA;
2135;RAMANANKEVITRA J.AMERAND;M;341102811;Sofia;LAC ALAOTRA;HASINA;
2136;RANAIVOMANANA ROCCO;M;387809170;Analamanga;LAC ALAOTRA;;
2137;RANAMBINANDROSOA EMILSON SYLVAIN;M;346003318;Analamanga;LAC ALAOTRA;;
2138;RANDRIAMBOLOLONA MAMINIRINA EDWIN;M;343188102;Alaotra Mangoro;LAC ALAOTRA;;
2139;RANDRIAMIARANA MAHAZOSOA RAVINIAINA;M;341226117;Analamanga;LAC ALAOTRA;FENITRA;
2140;RANDRIATSIHOARANA SOLOFONIARINJORO JONATHAN;M;330333672;Analamanga;LAC ALAOTRA;;
2141;RASEDRATOVONIAINA GEORGES PARFAIT;M;349994140;Analamanga;LAC ALAOTRA;SANTATRA;DOYEN
2142;RASOLOMANANA ANTHONY NELSON S.;M;;Menabe;LAC ALAOTRA;;
2143;RASOLONIAINA NJARATIANA BERCY ELYSE;M;382443043;Amoron'ny mania;LAC ALAOTRA;;
2144;RATSIMANOHANA MORA ANDRIANTSARAFARA;M;340144667;Analanjirofo;LAC ALAOTRA;;
2145;RAVELOARISON ANDO FANANTENANA ;M;342091028;Analamanga;LAC ALAOTRA;;
2146;RAZAFINDRATOVO BLAISE MICAEL;M;344535012;Atsimo Atsinanana;LAC ALAOTRA;HASINA;
2147;RAZAFITSIALISO RATELOLAHY ZAINY II;M;340870837;Menabe;LAC ALAOTRA;AINGA;
2148;RAZAFITSIMIALONA TAHIRY HARINTSOA;M;328736337;Toamasina;LAC ALAOTRA;;
2149;ROVA HERIMALALA LIANTSOA;M;346066060;Haute Matsiatra;LAC ALAOTRA;;
2150;TINORY MANAVELOVAO;M;340103958;Sofia;LAC ALAOTRA;;
2151;TOLOJANAHARY PARFAIT SON PIERRE;M;331412574;Toliara;LAC ALAOTRA;;
2152;TSIMANEFITRA ;M;342774072;Fito Vinany;LAC ALAOTRA;MEVA;
2153;TSIMINDRAMANA FITAHIANA NEHEMIE;M;344075178;Vato Vavy;LAC ALAOTRA;;
2154;VITAMANANA CAMARDINE HEURACLIO;M;325213038;Diana;LAC ALAOTRA;LAFATRA;
2155;VITAZARA DJANFARDINE;M;349146879;Diana;LAC ALAOTRA;;
3101;FANILONOMENJANAHARY EDITH GABRIELLE;F;342186852;Haute Matsiatra;SOFIA 4;;
3102;KEMBA CYNTHIA ;F;347786157;Farafangana;SOFIA 4;;
3103;RAHASIMBOLOLONA SANDARINAH;F;340947404;Analamanga;SOFIA 3;MEVA;COORDINATEUR ADJOINTE
3104;RANDRIANKOTO DINASOA ANATOLIE;F;344197034;Analamanga;SOFIA 4;;
3105;RASOANANTENAINA J.LINA;F;348121333;Ihorombe;SOFIA 4;;
3106;RAZANAMALALA FARASOA TIANA;F;346867537;Analamanga;SOFIA 3;;
3107;TSIORINTSOA H. NARISEHENO;F;345657779;Analamanga;SOFIA 11;HASINA;DOYENNE
3108;ANDRIAMAHENIMPARANIRIANDRAINY FETRANIAINA ONJAMPITIAVANA;M;347289507;Vakinakaratra;LAC ALAOTRA;;
3109;ANDRIAMIHAJA HUGHES H;M;347344033;Atsimo Andrefana;LAC ALAOTRA;;
3110;RAKOTOARISOA FANOMEZANTSOA MARC GILBERT;M;349148306;Itasy;LAC ALAOTRA;HASINA;
3111;ANDRIANIRIKO G.PARFAIT;M;349112289;Menabe;LAC ALAOTRA;SAHY;
3112;ANDRIANJAKANIAINA DANIELSON ;M;344162082;Amoron'i Mania;LAC ALAOTRA;;
3113;ANDRISOA SETH ;M;342737280;Atsimo Andrefana;LAC ALAOTRA;;
3114;ANISCO TSIATOSY;M;329224244;Sava;LAC ALAOTRA;;
3115;BRICE LAURE BONERA ZAFINDRATODY;M;328070331;Atsimo Andrefana;LAC ALAOTRA;;
3116;CRUEAUX JEAN ANTHONNY;M;326477843;Sava;LAC ALAOTRA;;
3117;HANDIMBY JOHN ELLIOT;M;344208127;Atsimo Andrefana;LAC ALAOTRA;;
3118;HERITIANJANAHARY S.ARILALA;M;349179608;Haute Matsiatra;LAC ALAOTRA;;
3119;ISSOUF J.BEMANANJARA;M;;Sofia;LAC ALAOTRA;MEVA;
3120;JAOFETRA LUCKY SANDRO;M;349140782;Analamanga;LAC ALAOTRA;;
3121;JERIMANANA IRIS;M;343669564;Alaotra Mangoro;LAC ALAOTRA;;
3122;JOSEPH NANTENAINA DAULIN;M;343567275;Atsimo Andrefana;LAC ALAOTRA;;
3123;NIRILALA RABEARIVELO;M;347029182;Vakinakaratra;LAC ALAOTRA;MANDA;
3124;NOVALIS GALVANI TSIMITORY;M;344125723;Haute Matsiatra;LAC ALAOTRA;LAFATRA;
3125;RAFANOMEZANTSOA CHRISTIAN;M;348057692;Melaky;LAC ALAOTRA;AINGA;
3126;RAHERINANDRASANA NJARATINA SEBASTIEN;M;345938178;Analamanga;LAC ALAOTRA;;
3127;RAJOELIMAMY ONJA;M;345903674;Alaotra Mangoro;LAC ALAOTRA;;
3128;RAKOTOARINIVO MANITRA FITIAVANA;M;344005497;;LAC ALAOTRA;;
3129;RAKOTOARISOA HENINTSOA ERICA;M;346962128;Analamanga;LAC ALAOTRA;FENITRA;
3130;RAKOTOARISOA SAROBIDY FIONONANA SANDA FITIA;M;347713061;Analamanga;LAC ALAOTRA;;
3131;RAKOTOARISON NAMBININA JEAN;M;349534664;Analamanga;LAC ALAOTRA;ROVA;
3132;RAKOTOMAMONJY AUGUSTIN THEODORE;M;343652206;Vakinakaratra;LAC ALAOTRA;IRATRA;
3133;RAKOTONARIVO RADONIAINA;M;348872772;Analamanga;LAC ALAOTRA;;
3134;RAKOTONDRAIBE HAJA HARITOKY ;M;341033689;Antsinanana;LAC ALAOTRA;;
3135;RAKOTONOELSON NIRINA ROLLAND YVON;M;349178944;Vakinakaratra;LAC ALAOTRA;;
3136;RAKOTONOMENJANAHARY AVOTRA RAMAROSON;M;341491526;Amoron'i Mania;LAC ALAOTRA;;
3137;RAKOTOSIANAKA MANDIMBISOA ALEXAES;M;340666627;atsimo Atsinanana;LAC ALAOTRA;;
3138;RAMAHAFALOMANANA GENNOT C.;M;346440443;Haute Matsiatra;LAC ALAOTRA;MEVA;
3139;RAMAROSATA T.CLAUDIO;M;326875752;Sofia;LAC ALAOTRA;RAITRA;
3140;RAMIANDRISOA LYDHOT DUCLAY RUTHEX;M;349046660;Androy;LAC ALAOTRA;;
3141;RANAIVOARIVELO RATIARAY FABIEN;M;346331635;Atsimo Andrefana;LAC ALAOTRA;;
3142;RANDRIAMAHAFALY NIARINISAINA GAUTIER;M;348998894;Alaotra Mangoro;LAC ALAOTRA;;
3143;RANDRIANJAFINARIVO JEAN ROLLAND;M;341366336;Itasy;LAC ALAOTRA;ROVA;
3144;RATSIMAHORINANDRASANA LIN BERNARD;M;349552756;Haute Matsiatra;LAC ALAOTRA;FENITRA;
3145;RATSIMBAZAFY TEFY ANDRY NIRINA;M;343309703;Haute Matsiatra;LAC ALAOTRA;;
3146;RAZAFIMAHEFA SIDNEY ARMAND;M;347266524;Fito Vinany;LAC ALAOTRA;HASINA;
3147;RAZAFINDRABOBA BOSCO;M;347403612;atsimo Atsinanana;LAC ALAOTRA;;
3148;RAZAFINDRANALA LICKY;M;324561040;Analamanga;LAC ALAOTRA;;
3149;RAZAFINDRANDRIA MARC MANANJOKY ANGELO ;M;381513321;Androy;LAC ALAOTRA;;
3150;RAZAFINDRIANERA MENDRIKA NY HAJA;M;384788642;Analamanga;LAC ALAOTRA;;
3151;RAZAKAMANANA HERIMAMPIONONA ;M;346828670;Analamanga;LAC ALAOTRA;FENITRA;
3152;RAZAKARIVONY MBOLATIANA REMI;M;347583202;Itsasy;LAC ALAOTRA;;
3153;RAZANADIMBY WARLONE E;M;344152176;Anosy;LAC ALAOTRA;;
3154;REDIE NOMENJANAHARY EDSON STENY;M;326957168;Menabe;LAC ALAOTRA;;
3155;SITRAKA TOMBOSOA R E;M;338640123;Atsimo Andrefana;LAC ALAOTRA;;
1301;NANTENAINA LOUISE ALPHONSINE;F;337692119;Ihorombe;TSIRIBIHINA 1;;
1302;NANTENAINTSOA HERI ESTELLA;F;346129188;Vatovavy;TSIRIBIHINA 1;;
1303;NOMENJANAHARY LOVATIANA LYDIA;F;344402989;Ihorombe;TSIRIBIHINA 1;;
1304;RAHARISOA L. MYRIAM;F;348657176;Analamanga;TSIRIBIHINA 1;;
1305;RAVOLOLONANDRASANA NOMENJANAHARY EUGENIE;F;349890594;Alaotra Mangoro;TSIRIBIHINA 1;;
1306;TSARAVINTANA  MARTHE BRIGITTE;F;381650440;Analamanga;TSIRIBIHINA 1;;
1307;ANDRIAMARO MANDA NY ARIVO;M;343823376;Vatovavy;PANGALANE;;
1308;ANDRIAMIALISOA NIAINA HARIZANDRY BELLARMIN;M;345456556;Alaotra Mangoro;PANGALANE;;
1309;ANDRIANANTENAINA SAMBATRA DERA JONHSON;M;342894487;Amoron'i Mania ;PANGALANE;;
1310;ANDRIANAVALONA ELI ROBERTO;M;326937263;Melaky;PANGALANE;;
1311;ANDRIANIANA ANTONIO;M;348363894;Analamanga;PANGALANE;;
1312;ANDRIANTAHIANA ANDRIARIJAONA A.;M;345072283;Haute Matsiatra;PANGALANE;;
1313;ANDRIANTSOA T.PATRICK;M;340961292;Haute Matsiatra;PANGALANE;;
1314;ANDRINIRINA RAJONIAINA;M;347511251;Amoron'i Mnia ;PANGALANE;;
1315;ANDRITIANA ZANAH;M;388644783;Vakinakaratra;PANGALANE;;
1316;FITAHIA WILLIAM EDOUARD.R;M;345635867;Menabe;PANGALANE;;
1317;HARIVONY EL ASSAD;M;328017559;Menabe;PANGALANE;;
1318;LANTONIAINA RAMASY ANTHONY G. B.;M;342636613;Menabe;PANGALANE;;
1319;MIANDRIZAKA JEAN EUDES;M;349140739;Analamanga;PANGALANE;;
1320;NANTENAINA N.JEAN DE DIEU;M;346558670;Menabe;PANGALANE;;
1321;ONJANIAINA  CHRISTIAN CLAUDIO;M;348813606;Menabe;PANGALANE;;
1322;RABEARIMANANA ADORE;M;348311773;Alaotra Mangoro;PANGALANE;;
1323;RABEMARION J. GUY;M;345054308;Sofia;PANGALANE;;
1324;RABENIRINA HAROLDIN;M;349695111;Sofia;PANGALANE;;
1325;RABETAFIKA  FIDELE ;M;331551499;Vakinakaratra;PANGALANE;;
1326;RAFENOMANANA  JOHNNY;M;340322364;Vakinakaratra;PANGALANE;;
1327;RAKOTONDRAPARANY FANAMBINANTSOA HONORE;M;389955402;Vakinakaratra;PANGALANE;;
1328;RALAIVOAVY  FO ELIS HONORE;M;347643495;Menabe;PANGALANE;;
1329;RANAIVOJAONA LOVANIAINA;M;326510120;Analamanga;PANGALANE;;
1330;RANDRIAMBOLOLONA S.T.MICKAEL;M;341327823;Vakinakaratra;PANGALANE;;
1331;RANDRIANAMBININA  JEAN RODRIG;M;342949436;Betsiboka;PANGALANE;;
1332;RANDRIANANDRASANA G.PATRICK;M;348536658;FitoVinany;PANGALANE;;
1333;RANDRIANANTENAINA  HERIMAMPIONONA;M;344255541;Vakinakaratra;PANGALANE;;
1334;RANDRIANARISOA  GARCIA PERNOT;M;383929180;Sofia;PANGALANE;;
1335;RANDRIANASOLO  ANDREACE AIMELIN;M;347207672;Sofia;PANGALANE;;
1336;RAOELISON  PATIENCE ANGELO;M;348315596;Boeny;PANGALANE;;
1337;RASOLOFONIRINA RAVOHERINIAINA;M;348055682;Haute Matsiatra;PANGALANE;;
1338;RATAHINJANAHARY TAFITASOA RICHARD;M;336327317;Haute Matsiatra ;PANGALANE;;
1339;RATODISON YONO SAVIO;M;328290248;Sava;PANGALANE;;
1340;RATSIMBAZAFIMAHEFA  LUCIEN THEOPHILE;M;340183892;Amoron'i Mania ;PANGALANE;;
1341;RATSIRINDRAINONY  MAMINIAINA ACHILLE;M;346873437;Haute Matsiatra;PANGALANE;;
1342;RAVAOSON MIHARANTSOA M M;M;334716504;Analamanga;PANGALANE;;
1343;RAZAFIMAHEFA  THEOPHILE;M;345230061;Sofia;PANGALANE;;
1344;RAZAFITOALAVA TODISOA FRANCIS;M;341451733;Atsimo Atsinanana;PANGALANE;;
1345;RAZANATSOA L.DAUPHIN;M;329428282;Menabe;PANGALANE;;
1346;RENADSON FENONIAINA N.M.;M;343034171;Haute Matsiatra;PANGALANE;;
1347;SHU ADELIN JACQUINO;M;348999421;Sofia;PANGALANE;;
1348;TIANKAVANA ANDRIAMIAROLAZA EDWIN;M;330429547;Haute Matsiatra;PANGALANE;;
1349;TSARAMANANA  GHARBI ;M;347060189;Vatovavy;PANGALANE;;
1350;ZENEDINE F. ZIDANE;M;345730046;Menabe;PANGALANE;;
1401;ANDRIAMAMONJY  HARINOSY MIRAH;F;346797531;Boeny;TSIRIBIHINA 1;;
1402;FAMENONTSOA SUZETTE;F;344471001;Vakinakaratra ;TSIRIBIHINA 1;;
1403;NATOLOJANAHARY SAROBIDY ANDONIAINA;F;388158920;Amoron'ny Mania;TSIRIBIHINA 1;;
1404;ONISOA LARINE BALISIA;F;344009147; Haute Matsiatra;TSIRIBIHINA 1;;
1405;RANDRIAMAMPIONONA  SHINAY CARRINA;F;347702852;Ihorombe;TSIRIBIHINA 1;;
1406;RIVONJARASOA J.JOSELAH;F;348220899;Atsimo Andrefana;TSIRIBIHINA 1;;
1407;ANDRIANANDRASANA  S.RODRIGUEZ;M;344018535;Atsimo Atsinanana;PANGALANE;;
1408;DAMASY BASILIO CHRISTOPHE;M;342106508;Sofia ;IKOPA;;
1409;HASINA  ANDRIARISON;M;349839588;Alaotra Mangoro;PANGALANE;;
1410;HERINJANAHARY VALIMBAVAKA MARCELLIN;M;344463555;Haute Matsiatra;PANGALANE;;
1411;INSSA ALIMODINY;M;342566852;Fito Vinany ;PANGALANE;;
1412;LOIC  ZENERY;M;349789398;Menabe;IKOPA;;
1413;MAMITIANA SYLVAIN CARLOS HOZER;M;346750166;Vatovavy;PANGALANE;;
1414;MANAMBINJARA  NORE;M;344254315;Sofia ;IKOPA;;
1415;MBOLATINIRINA TOHINJANAHARY EVELIN CEDRIC;M;346522329;Haute Matsiatra;PANGALANE;;
1416;MICHAEL DINY ANTHOINE;M;341832079;Menabe;IKOPA;;
1417;MITANTSOA VAMI;M;340653484;Atsimo Atsinanana;PANGALANE;;
1418;RABEMANANTSOA  LANTO HERIMALALA;M;345761306;Vakinakaratra ;IKOPA;;
1419;RABENJARISOA  ROBERTO ULRICH;M;342803007;Analamanga;IKOPA;;
1420;RADIMIARISOA VAHATRINIAINA TRAVERSY CAPISTRAN;M;344545732;Vakinakaratra ;PANGALANE;;
1421;RAFANIRIMANANA  RAJOSON ANAEL ;M;341802937;Analamanga;IKOPA;;
1422;RAKOTOMALALA HERINIAINA;M;338442275;Vakinakaratra ;PANGALANE;;
1423;RAKOTOMALALA J.SERGE;M;343364787;Sofia ;PANGALANE;;
1424;RAKOTONIRINA TOLOTRINIAVO SAROBIDY;M;344613611;Vakinakaratra ;PANGALANE;;
1425;RAKOTONIRINA VONJY;M;341004177;Sofia ;IKOPA;;
1426;RALAIMAMONJY TOJOMAMPIONONA DINAH;M;348984400;Alaotra Mangoro;PANGALANE;;
1427;RANDRIAMALAZA BERNARDIN ;M;348786364;Sofia ;IKOPA;;
1428;RANDRIAMANGAIKARIVO CHRISOSTOME;M;346007634;Haute Matsiatra;PANGALANE;;
1429;RANDRIANANTENAINA  TOKINIAINA SALOMON;M;381500668;Amoron'ny Mania;PANGALANE;;
1430;RANDRIANARIVONY SAFIDY MALALA;M;325386488;Analamanga;PANGALANE;;
1431;RANDRIANARY RICHARD ROSTAND;M;344762005;Vatovavy;PANGALANE;;
1432;RANDRIANASOLO  N.FRANCKIO;M;385311154;Atsimo Atsinanana;PANGALANE;;
1433;RANDRIANIRINA CLAUDIN LANDRY;M;347290960;Ihorombe;PANGALANE;;
1434;RATOJOMANJATO SEDRA PATRICE;M;344124988;Alaotra Mangoro;PANGALANE;;
1435;RAVELONARIVO E.SAMPER;M;380531200;Atsimo Atsinanana;PANGALANE;;
1436;RAVELONTAHINA JUDICAEL SONIAH;M;340375042;Anosy;IKOPA;;
1437;RAZAFIMAHAFOHA TSIFANAY GLADIS ELOI;M;344121352;Atsimo Atsinanana;PANGALANE;;
1438;RAZAFIMAMONJY GABY MAHERY;M;337616557;Analamanga;IKOPA;;
1439;RAZAFINDRAMINOSY  MARTINO JOCELYN ;M;328227459;Sofia ;IKOPA;;
1440;RAZAFITSIMIANKINA NADJY KHEURONA;M;388071820;Vatovavy;PANGALANE;;
1441;SOLOFOHERY ZO JEAN PATRICK;M;327093925;Menabe;IKOPA;;
1442;TETIN GICO;M;347324428;Menabe;IKOPA;;
1443;TSABOTO MEDANAMILA FELIX;M;341054770;Fito Vinany ;IKOPA;;
1444;TSIFERAMANJAKA FLEMOND LOIS P.;M;340600952;Vatovavy;IKOPA;;
1445;TSIKIVISON VICTORIEN ;M;349784029;Sofia ;IKOPA;;
1446;TSILANIHASINA TAPHAREL;M;347952818;Vatovavy;PANGALANE;;
1447;TSIMALILO HOTAHINY TOBSON;M;322243377;Menabe;IKOPA;;
1448;TSIREFINANTENAINA LUCA ;M;348078404;Anosy;IKOPA;;
1449;TSIRIVANIRINA ROBERTO ANTOLY;M;329848539;Sofia ;PANGALANE;;
1450;ZOENKASOA CHRISTIAN. Z;M;325352978;Menabe;IKOPA;;
1501;ANDRIATOLOJANAHARY ANGE ROCCANIA;F;326546528;Boeny;TSIRIBIHINA 1;;
1502;MANJARY ANNA SUZIE;F;345670533;Atsinanana;TSIRIBIHINA 1;;
1503;MIRANTSOA ROLLET JOELLE O.;F;385479382;Boeny;TSIRIBIHINA 1;;
1504;RAZAFINDRAVOLA SIMONE CYRILLE A.;F;343037977;Atsimo Andrefana;TSIRIBIHINA 1;;
1505;RAZANADRASOA MARTINE;F;348043753;Vakinakaratra;TSIRIBIHINA 1;;
1506;RICARDO JERICA ANASTASSIA;F;388968442;Atsimo Andrefana;TSIRIBIHINA 1;;
1507;SAHOLINIRINA S.OLINAH;F;340568843;Atsimo Atsinanana;TSIRIBIHINA 1;;
1508;ANDONIAINA  TOLOTRARIVO ARMEL;M;;Bongolava;IKOPA;;
1509;ANDRIA MANERA JEAN BEMANA T.;M;349739606;Atsimo Atsinanana;IKOPA;;
1510;ANDRIAMAHERY SOLONIAINA FANOMEZANTSOA;M;;Alaotra Mangoro ;IKOPA;;
1511;ANDRIAMANANA NY LAMINA;M;349739606;Analamanga;IKOPA;;
1512;ANDRIANIRINA  TAHINA MICHEL;M;343755382;Haute  Matsiatra;IKOPA;;
1513;ANDRIANJAFY MORANIAINA;M;382580424;Analamanga;IKOPA;;
1514;ANDRIATSIMAROFY JEAN PHILIBERT;M;341709727;Analamanga;IKOPA;;
1515;BEANJAFY JEAN CLAUDIO;M;349879513;Sofia;SAMBIRANO;;
1516;BERNARD RAMAHEFANANDRIANINA  P;M;330385281;Analamanga;IKOPA;;
1517;HERINIAINA RAZANATO;M;324344607;Atsimo Andrefana;SAMBIRANO;;
1518;MIANDRISOA HERMINO C;M;;Sava;IKOPA;;
1519;MIBOBO  RAFICK ;M;349583280;Ihorombe;SAMBIRANO;;
1520;MITAHISOA CHRISTIAN JULES;M;330980115;Androy;SAMBIRANO;;
1521;RABEARIVELO  JOSEPH CAMILLE ;M;345914754;Atsimo Atsinanana;SAMBIRANO;;
1522;RABEMAMPIONINA JULIEN ;M;343397289;Atsimo Andrefana;SAMBIRANO;;
1523;RABENANDRASANA  JEAN FIDSON;M;345746725;Anosy;IKOPA;;
1524;RAFALIARIVO  NARISOA JEAN FANDRESENA;M;342156999;Alaotra Mangoro ;IKOPA;;
1525;RAFALIMANANTSOA HERIVONJY MAMITINA;M;344407939;Vakinakaratra;IKOPA;;
1526;RAHASIPANARIVOMAHEFA TSIHIALONANA TOMMY;M;345929324;Analamanga;IKOPA;;
1527;RAKOTOARITSIMBA FINOANA R J;M;388737777;Analamanga;IKOPA;;
1528;RAKOTOMALALA NOMENJANAHARY ERIC.F;M;345449212;Vatovavy;IKOPA;;
1529;RAKOTONIRINA DAVID ;M;349703838;Haute  Matsiatra;IKOPA;;
1530;RAKOTONIRINA MAHEFA FENONTSOA;M;346481135;Alaotra Mangoro ;IKOPA;;
1531;RAKOTOVELOMANANA FENITRA R E;M;342518168;Itasy;IKOPA;;
1532;RAMANAKAVANA CHRISTOPHE NESTOR;M;341152113;Atsimo Atsinanana;SAMBIRANO;;
1533;RANDRIANANTENAINA  TOJONIRINA NIOCA;M;348646355;Alaotra Mangoro ;IKOPA;;
1534;RANDRIANANTENAINA CHRISTIAN;M;343781426;Atsimo Atsinanana;IKOPA;;
1535;RANDRIANARINOSY TSINJO H S;M;348357218;Analamanga;SAMBIRANO;;
1536;RANDRIANIRINA JEAN MARTIN;M;344442918;Haute  Matsiatra;IKOPA;;
1537;RANDRIANIRINA ZAFIMANANTSOA CHANDREAU;M;386944090;Haute  Matsiatra;IKOPA;;
1538;RANDRIANIVOSON JOSE RIJANIAINA;M;346428360;Analamanga;IKOPA;;
1539;RANDRIATSIATOPY SARELINE JUTILDE;M;349334334;Vatovavy;IKOPA;;
1540;RASOLONDRAIBE HERINIAINA J.F;M;346114388;Haute  Matsiatra;IKOPA;;
1541;RASOLONJATOVO MPANJATO;M;345767048;Amoron'i Mania;IKOPA;;
1542;RAVELOARSON HANS ULRICH IDRICE;M;346322097;Sofia;SAMBIRANO;;
1543;RAZAFIMAHASOA THIERRY;M;382539501;Atsimo Atsinanana;IKOPA;;
1544;RAZAFINDRADARA PIERRE CLOCHE;M;346124273;Atsimo Andrefana;SAMBIRANO;;
1545;RAZAFINDRAKOTO HORACE  DIMITRI;M;349029290;Sofia;SAMBIRANO;;
1546;RIVIERE  DILIVIO ELIE ;M;345481170;Sofia;SAMBIRANO;;
1547;SOALAHY AYMARDIN AQUINODA;M;347890695;Sofia;SAMBIRANO;;
1548;SOLOMAMPIONONA MAMINANDRASANA;M;386728753;Analamanga;IKOPA;;
1549;ZANAJATOVO MERCI JONATHAN;M;348764404;Atsimo Atsinanana;IKOPA;;
1550;ZEFANIA TOKINDRAINY ELODIE PARFAIT;M;389485443;Menabe;IKOPA;;
1601;FAINA DANIELLA MARIE LAURENCIA;F;383720061;Sofia;TSIRIBIHINA 4;;
1602;RAHARINIRINA  SANTATRINIAINA HERIVALISOA;F;385138945;Haute Matsiatra;TSIRIBIHINA 4;;
1603;RAMANITRANJARA MENDRIKA F.;F;385791220;Analamanga;TSIRIBIHINA 4;;
1604;RASOANANDRASANA SOARILINE;F;342726531;Atsimo Andrefana;TSIRIBIHINA 4;;
1605;RASOANIRINA MARCELLINE;F;339344724;Analamanga;TSIRIBIHINA 4;;
1606;TSILAOHERIMANANA M.M.JO-HOSTINA;F;343948433;Atsimo Atsinanana;TSIRIBIHINA 1;;
1607;ANAGNOSTOU PHILIPPE ATHENA;M;324200292;Analamanga;MANGOKY 1;;
1608;ANDRIAMAHEFA TOKY ALAIN OLIVIER;M;349118878;Analamanga;SAMBIRANO;;
1609;ANDRIAMIRINDRA ARNAUD MARTIN;M;343594811;Haute Matsiatra;SAMBIRANO;;
1610;ANDRIANIRINA  MAMINIAINA D.J;M;345657469;Amoron'i Mania;SAMBIRANO;;
1611;ANDRIANJAFY  VALAMISY HERJEE;M;380798819;Androy;MANGOKY 1;;
1612;ANDRIANOELISON M. R. FITIAVANA;M;346090570;Analamanga;SAMBIRANO;;
1613;ANDRIATOLOJANAHRY FANIRIANTSOA HERY VONJY;M;348509115;Vakinakaratra;MANGOKY 1;;
1614;ANDRINA HAJA SAROBIDY JOASY LAA;M;349779087;Vakinakaratra;SAMBIRANO;;
1615;ANDRINIAINA LANTOSOA JEAN FLORENT;M;343488853;Amoron'i Mania;SAMBIRANO;;
1616;ANTIBA ROBERTO MAURIO;M;349096693;Antsiranana;MANGOKY 1;;
1617;FIDIRANTSOA ;M;343813033;Androy;MANGOKY 1;;
1618;FREDERIC DANIEL;M;348836332;Atsimo Atsinanana;MANGOKY 1;;
1619;JEAN  CHRYSOSTOME  ;M;346338409;Atsimo Atsinanana;SAMBIRANO;;
1620;LAHATRINILANITRA TODISOA SETRANIAINA JOACHIN;M;344126988;Sofia;SAMBIRANO;;
1621;LAZA MARIO;M;341555942;Anosy;SAMBIRANO;;
1622;MAHAMBY BRICHARD M.;M;341151658;Atsimo Atsinanana;SAMBIRANO;;
1623;MANDROSOLAZA TAFITA HERSON;M;340508375;Analamanga;MANGOKY 1;;
1624;NANATRA PONNY ANDRIANTSOA;M;385614988;Sofia;SAMBIRANO;;
1625;NOMENJANAHARY T. HERMAN;M;345309247;Atsimo Atsinanana;MANGOKY 1;;
1626;RAFANAMBINANA  THOMAS E ;M;346613807;Analamanga;MANGOKY 1;;
1627;RAHERIJAONA NJAKA NANTENAINA;M;340495402;Analamanga;SAMBIRANO;;
1628;RAKOMALALA HERINANTENAINA GILBERT;M;382873171;Sofia;SAMBIRANO;;
1629;RAKOTONDRALAMBO MICHELSON;M;342733886;Amoron'i Mania;SAMBIRANO;;
1630;RAKOTONIRINA ERIC JULIO;M;346250470;Amoron'i Mania;SAMBIRANO;;
1631;RALAISOANIRINA MAMINIAINA ANGELO;M;345659039;Vakinakaratra;SAMBIRANO;;
1632;RAMANDASON  HENINTSOA NAINA;M;346547260;Betsiboka;SAMBIRANO;;
1633;RAMANDIMBISOARAIBE JEAN ODILON;M;385549128;Itasy;SAMBIRANO;;
1634;RAMAROSAHANINA  TIANA HERIZO;M;338489707;Alaotra mangoro;SAMBIRANO;;
1635;RANDRIAMAHASOA  HASIMANDIMBY LAFATRA GERMAIN;M;340484970;Haute Matsiatra;SAMBIRANO;;
1636;RANDRIANANDRASANA  JEAN EMILIEN.D.D.;M;384500130;Fitovinany;SAMBIRANO;;
1637;RANDRIANANTENAINA  ERVIN;M;340255221;Ihorombe;SAMBIRANO;;
1638;RANDRIANIRINA BOSCO;M;346506479;Haute Matsiatra;MANGOKY 1;;
1639;RANDRIANJAFINDRATSIRINIAINA PELAGI SABOTSY;M;381562640;Haute Matsiatra;SAMBIRANO;;
1640;RANDRIATSIFERANA PASCAL F.;M;345805377;Haute Matsiatra;SAMBIRANO;;
1641;RASAMOELINA FAUSTIN TOJONIAINA;M;341551393;Analamanga;SAMBIRANO;;
1642;RAVELOJAONA LALA TIANA;M;348550839;Fitovinany;SAMBIRANO;;
1643;RAZAFIMANDIMBY  MITTERAN;M;347533386;Ihorombe;SAMBIRANO;;
1644;RAZAFINDRAKOTO BENOIT DERAY A.;M;380576829;Boeny;SAMBIRANO;;
1645;RAZANAKARIVO ISMAEL ASRAF;M;323859418;Analanjirofo;MANGOKY 1;;
1646;SAHALA NOELAS SEME;M;346498444;Amoron'i Mania;SAMBIRANO;;
1647;TOKY FANDRESENA MAEVASOA;M;341040315;Atsimo Andrefana;SAMBIRANO;;
1648;TONGASOA JEAN TIANDRAINY E.;M;348922607;Atsimo Andrefana;MANGOKY 1;;
1649;TSITOHERY  ANICET;M;345506297;Atsimo Andrefana;MANGOKY 1;;
1650;TSIVOANDOZA MAC LEONEL;M;326209368;Sofia;SAMBIRANO;;
1701;DOMOINARITIANA MARIAH ANDREAS;F;385205890;Haute Matsiatra;TSIRIBIHINA 4;;
1702;MAHASETRIONJA K. PRINCIA C.;F;343142192;Haute Matsiatra;TSIRIBIHINA 4;;
1703;MAHEFASOA  ELIA;F;341514522;Atsimo Andrefana;TSIRIBIHINA 4;;
1704;RANDRIANANTENAINA  SEGUSIA ELVINY;F;349026071;Boeny;TSIRIBIHINA 4;;
1705;RASOLONJATOVO HARIMANGASOA FITIAVANA;F;342116010;Analamanga;TSIRIBIHINA 4;;
1706;RAVAKINIRINA  NARINDRATIANA PRISCA;F;346754261;Alaotra Mangoro;TSIRIBIHINA 4;;
1707;SITRAKINIAINA VATOSOA DANIELLE;F;349814580;Haute Matsiatra;TSIRIBIHINA 4;;
1708;ANDRAIANARIVO TOKINIAINA MAROLAFY ROLLAND;M;385698984;Amoron'i Mania;MANGOKY 2;;
1709;ANDRIAMAMONJISOA JEAN T.;M;341818516;Haute Matsiatra;MANGOKY 1;;
1710;ANDRIANASOLONJATOVO FALIMANOVA;M;344388459;Vakinakaratra;MANGOKY 2;;
1711;ANDRIATAHIANA MICKAEL;M;386911492;Vakinakaratra;MANGOKY 2;;
1712;DIMBINDRAIBE HARISOALAZA CINTKEE;M;341001231;Haute Matsiatra;MANGOKY 1;;
1713;FANOMEZANTSOA  MAMY NIRINA JEAN.E;M;323893949;Atsimo Atsinanana;MANGOKY 2;;
1714;HERINIRINA  GASTON RANCK;M;340334660;Amoron'i Mania;MANGOKY 3;;
1715;JEAN DE DIEU  FARASOA;M;328043172;Atsimo Andrefana;MANGOKY 3;;
1716;LANJANIAINA SANDRATRA  FRANCIS;M;333029691;Vakinakaratra;MANGOKY 2;;
1717;LOMBIHO ANTONIO JAONERA;M;383544862;Atsimo Andrefana;MANGOKY 2;;
1718;MAMPIONONTSOA CHRISTIAN CLARC;M;348720389;Analamanga;MANGOKY 2;;
1719;MAMPIOVANIRINA ELIE JUSTIN;M;343767935;Ihorombe;MANGOKY 1;;
1720;MANANJARA HYANCINTHE F.;M;326471926;Sofia;MANGOKY 3;;
1721;MANDRAIMANA TANDRAMAMY BERNARD ;M;343689047;Amoron'i Mania;MANGOKY 2;;
1722;NJAKA  OLIVIER SAMUEL ;M;342232576;Alaotra Mangoro;MANGOKY 1;;
1723;OTSIA ;M;324927961;Atsimo Atsinanana;MANGOKY 3;;
1724;RABESANDRATANA LIVA HARIJAONA S.;M;343417917;Haute Matsiatra;MANGOKY 1;;
1725;RABESAOTRA FANANTENANA;M;347001310;Alaotra Mangoro;MANGOKY 1;;
1726;RAFANOMEZANTSOA  HENRI ;M;385432256;Haute Matsiatra;MANGOKY 1;;
1727;RAHAJATIANA JOSE M. ;M;342734072;Haute Matsiatra;MANGOKY 2;;
1728;RAHARIMAMPIONINA TAFITA SOA SAROBIDY ;M;341011469;Vakinakaratra;MANGOKY 2;;
1729;RAHARINIRINA TOKY NANTENAINA;M;330510296;Analamanga;MANGOKY 2;;
1730;RAKOTOARIZAFY MANDATSILAVO LOVATIANA;M;344180097;Sofia;MANGOKY 2;;
1731;RAKOTONANAHARY TAHIRY HERIMANITRA;M;383408015;Analamanga;MANGOKY 2;;
1732;RAKOTONIAINA  FANOMEZANTSOA ODILON;M;347452293;Alaotra Mangoro;MANGOKY 1;;
1733;RAKOTONIAINA  MAMITINA  ;M;347687474;Vataovavy;MANGOKY 1;;
1734;RAKOTOZAFY PAUL VELAIN;M;344353876;Atsimo Andrefana;MANGOKY 3;;
1735;RAMAHAVELONA FRANCIS;M;389768760;Sofia;MANGOKY 2;;
1736;RAMANANJOHASY  JEAN YVES  ;M;343529873;Vakinakaratra;MANGOKY 2;;
1737;RAMAVITA NALISON  ;M;346341844;Sofia;MANGOKY 2;;
1738;RANAIVOSON  FLAVIEN;M;336325364;Vakinakaratra;MANGOKY 2;;
1739;RANDRIAMARINA OAJY MICHEL;M;348736171;Sofia;MANGOKY 2;;
1740;RANDRIANANTENAINA  M.DAVID;M;334200445;Vakinakaratra;MANGOKY 2;;
1741;RANDRIANIRINA LOVASOA STONI;M;;Analamanga;MANGOKY 1;;
1742;RANJALAHINIRINA H.C. FIDELIS;M;346694986;Atsimo Atsinanana;MANGOKY 2;;
1743;RASOAMANANA BARIJAONA MAHERY;M;343180431;Vataovavy;MANGOKY 2;;
1744;RASOLONIAINA GUSTAVE MICHAEL;M;329627421;Atsimo Andrefana;MANGOKY 3;;
1745;RATOMBONIAINA  NOMENJANAHARY FITAHIANA MICHAEL;M;347717898;Haute Matsiatra;MANGOKY 2;;
1746;RATSIAVAHANA A.STEPHAN;M;383458453;Anosy;MANGOKY 3;;
1747;TINAS FORTUNO BENJAMIN;M;389768960;Haute Matsiatra;MANGOKY 1;;
1748;TOLOJANAHARY  LOVANIRINA ALBERT;M;346956545;Atsimo Andrefana;MANGOKY 3;;
1749;TRIRINIAINA NOMENJANAHARY JOSEPH ;M;345699145;Amoron'i Mania;MANGOKY 2;;
1750;TSILANINJARA EUGENE;M;346827843;Atsimo Atsinanana;MANGOKY 2;;
1801;BRUNELLA BABANY;F;341712367;Atsimo Andrefana;TSIRIBIHINA 5 ;;
1802;CICIA SYLVIA EMMANUEL;F;323821403;Atsimo Andrefana;TSIRIBIHINA 5 ;;
1803;JAORINE ERIRA;F;348344541;Diana;TSIRIBIHINA 5 ;;
1804;MAMINIAINA FABINIE;F;346567929;Alaotra Mangoro;TSIRIBIHINA 5 ;;
1805;MANGARINDIA TANTIE SIMONE HERLINA;F;347396870;Sofia ;TSIRIBIHINA 5 ;;
1806;MIALISON H. GABRIELLE;F;325095758;Amoron'i Mania ;TSIRIBIHINA 5 ;;
1807;RAMANDIAMANANA A TSIRINIAINA;F;344723514;Haute Matsiatra;TSIRIBIHINA 5 ;;
1808;ANAGNOSTOU JULIOS;M;349096910;Boeny;MANGOKY 4;;
1809;ANDRIAMIHAJA  ALBERT TSIBIBY;M;343461743;Atsimo Andrefana;MANGOKY 4;;
1810;ANDRIAMIKAJY IARIMALALA INNOCENT;M;347198594;Haute Matsiatra;MANGOKY 3;;
1811;ANDRIAMORASATA S.JEAN;M;343348334;Atsimo Atsinanana;MANGOKY 5;;
1812;ANDRIATSILAVINA FABRICE;M;348661548;Vakinakaratra ;MANGOKY 4;;
1813;AVOTRINIAINA  JEOSEPH AIME;M;343590293;Vakinakaratra ;MANGOKY 4;;
1814;FANOMEZANTSOA  M.ALBERT ;M;341581156;Haute Matsiatra;MANGOKY 3;;
1815;HAJANIRINA L.J.MICKAEL;M;341365644;Vakinakaratra ;MANGOKY 4;;
1816;HERINTSOA  NESTOR;M;343851355;Fitovinany;MANGOKY 3;;
1817;MARDINE  ;M;344002747;Atsimo Andrefana;MANGOKY 4;;
1818;NOELISOA MAMY TIANA;M;348529800;Haute Matsiatra;MANGOKY 3;;
1819;PAPUI M.CLAUDE;M;347707629;Atsimo Andrefana;MANGOKY 4;;
1820;RABENIFALIANA JEAN AIME ;M;346240246;Haute Matsiatra;MANGOKY 3;;
1821;RAFIDISON  MAMINIAINA LANDRY;M;343943134;Alaotra Mangoro;MANGOKY 3;;
1822;RAHASIMBELO  VICTORIEN ;M;349723876;Sofia ;MANGOKY 4;;
1823;RAKOTOARISOA  ANDRIAMIARINJATO NALLY;M;385674757;Haute Matsiatra;MANGOKY 4;;
1824;RAKOTOARISON GINOT VICTOR;M;346800324;Atsimo Andrefana;MANGOKY 4;;
1825;RAKOTOMALALA JEAN EMILSON;M;383667098;Haute Matsiatra;MANGOKY 4;;
1826;RAKOTONAJAINA THIANTSOA SAFIDY;M;349450402;Alaotra Mangoro;MANGOKY 3;;
1827;RAKOTONARIVO AVOMANJAKA JACOB;M;348129113;Haute Matsiatra;MANGOKY 4;;
1828;RAKOTONDRAINIBE  JEAN LOUIS ;M;311764581;Vakinakaratra ;MANGOKY 4;;
1829;RAKOTONDRAZAKA STELLA  MARIO;M;347277785;Vakinakaratra ;MANGOKY 4;;
1830;RAKOTONJANAHARY  NANDRIANINA FETISOA;M;348800791;Vakinakaratra ;MANGOKY 4;;
1831;RALAIARIVONY  JACQUES RUPHIN;M;329112884;Diana;MANGOKY 5;;
1832;RALOHOTSY ALBERT;M;382016827;Haute Matsiatra;MANGOKY 4;;
1833;RAMANANTSOA ANDRIANJANAHARINARIVO JEAN JULIO;M;381541577;Haute Matsiatra;MANGOKY 3;;
1834;RAMANDIMBISON MARCEL PULCHIANO;M;334058016;Boeny;MANGOKY 4;;
1835;RAMILIARIMANANA MIORANIAINA;M;342690095;Boeny;MANGOKY 3;;
1836;RANAIVONIAINA NOMENTSOA I.;M;345904293;Haute Matsiatra;MANGOKY 3;;
1837;RANDRIAMAMPIONONA  LAHATRINIAINA E. S.;M;346113505;Vakinakaratra ;MANGOKY 4;;
1838;RANDRIAMANANTSOA N. A. ARISTIDE;M;329926768;Boeny;MANGOKY 4;;
1839;RANDRIANARISON NIANDRITIANA ROLLAND;M;341770003;Vakinakaratra ;MANGOKY 4;;
1840;RANDRIANORO ZAFIMAHEFA.M;M;348482680;Haute Matsiatra;MANGOKY 3;;
1841;RANDRIANTENAINA XAVER M.;M;342491221;Sofia ;MANGOKY 3;;
1842;RANDRIATSILAVINA  T. CLAUDEO;M;389281645;Vakinakaratra ;MANGOKY 4;;
1843;RAVELOSON RICARDO V.;M;348482442;Fitovinany;MANGOKY 3;;
1844;RAZAFIMANDIMBY  YVES BERNARDIN;M;346560222;Haute Matsiatra;MANGOKY 3;;
1845;ROJOVOLA SAHOLY FANILONIAINA;M;337916340;Vakinakaratra ;MANGOKY 4;;
1846;TAFITASOA  NARINDRANJANAHARY J F;M;347825195;Amoron'i Mania ;MANGOKY 3;;
1847;TAHINDRAZA MARIO ;M;380943384;Atsimo Andrefana;MANGOKY 4;;
1848;TINA  HARISAONA  EVARISTE GASTON;M;383148019;Vakinakaratra ;MANGOKY 4;;
1849;TINA ZAFIMAHARO;M;340944089;Haute Matsiatra;MANGOKY 3;;
1850;TINAHINDRAIBE FANIRIANTSOA FLERI PROSPERE;M;347045026;Anosy;MANGOKY 5;;
2201;SOATENDRITAHINA C. LETISCIA;F;342269777;Analanjirofo;TSIRIBIHINA 5 ;;
2202;RABEMANANJARA MIANDRINIAINA N.;F;346921074;Haute Matsiatra;TSIRIBIHINA 5 ;;
2203;RAVELOSON N. E. JOSEPHINE;F;387712043;Analamanga;TSIRIBIHINA 5 ;;
2204;FELACK BERNARDINE MARIANIE.A;F;328206984;Antsinanana;TSIRIBIHINA 5 ;;
2205;SOAVITA DELICIA KEHANA;F;345494188;Melaky;TSIRIBIHINA 5 ;;
2206;HARITIANA NATACHA STANISLAS;F;348040232;Atsimo Andrefana;MATSIATRA;;
2207;ABDOULALY  LADA FILS;M;345213469;Atsimo Andrefana;MANGOKY 5;;
2208;ANDRIAMAHARO GEORGES ELYSE;M;344480637;Atsimo Andrefana;MANGOKY 5;;
2209;ANDRIANARIVELO JUSTIN RICO;M;340984204;Fitovinany;MANGOKY 5;;
2210;ANDRIANJAFY RADONJANAHARY E.;M;343035543;Haute Matsiatra;MANGOKY 5;;
2211;ANDRIATSINIVA NY MAHENINA HASINA;M;341722090;Analamanga;MANGOKY 5;;
2212;ANDRINIRINA PHULGENCE;M;344260820;Analamanga;MANGOKY 5;;
2213;FANDRESENA  A BARITIANA;M;349908858;Amoron'i Mania;MANGOKY 5;;
2214;HASINA ANDRIAMANANTENA ANJARA TENDRY;M;330416206;Bongolava;MANGOKY 5;;
2215;HERIVONJY  JEAN NANDRASANA MARIO ;M;344874998;Haute Matsiatra;MANGOKY 5;;
2216;KOTO JOHNSON WILLY;M;340451382;Diana;MANGOKY 5;;
2217;MAMINIAINA FACK P;M;325071303;Menabe;MANGOKY 5;;
2218;MANAHADRAY ROMARIC FLORA;M;342704375;Atsimo Andrefana;MANGOKY 5;;
2219;MAZZALIN WENCESLAS;M;347021994;Atsimo Andrefana;MANGOKY 5;;
2220;NAMBININKAJAINA FLEURI;M;;Vatovavy;MANGOKY 5;;
2221;NIRAVOANJANAHARY  OLIVIER ;M;345680217;Androy;MANGOKY 5;;
2222;NOMENIMAHERY PIERRE MANDELA;M;344151781;Atsimo Andrefana;MANGOKY 5;;
2223;RAFENOARIMANANA MAROLAHY MICKAEL;M;340993102;Antsinanana;MANGOKY 5;;
2224;RAHARISON  RICHARD JOE F.;M;344467446;Amoron'i Mania;MANGOKY 5;;
2225;RAHERIJAONA PIERROT ;M;342524075;Amoron'i Mania;MANGOKY 5;;
2226;RAIKA JAOSETA;M;387143818;Diana;MANGOKY 5;;
2227;RAJAOFERA  ELDIN ;M;330481804;Sofia;MANGOKY 5;;
2228;RAJAONARIVONY PHILOGONE FELISTIN;M;347991175;Boeny;MANGOKY 5;;
2229;RAKOTOARISOA  JEAN KANTO NOMENJANAHARY;M;348505085;Analamanga;MANGOKY 5;;
2230;RAKOTOARIVELO  RADONIAINA T.;M;346300710;Sofia;MANGOKY 5;;
2231;RAKOTONDRIANTSOA MAMY ERIZA;M;342195098;Vakinakaratra;MANGOKY 5;;
2232;RALISON  EDDY MICKAEL;M;327674272;Toamasina;MANGOKY 5;;
2233;RAMANANTENA   JEAN PRISCO;M;349819976;Sofia;MANGOKY 5;;
2234;RAMIRANTSOA FALY NANTENAINA MAMY;M;381266712;Vakinakaratra;MANGOKY 5;;
2235;RANAIVOARISON TONY H F;M;383058983;Itasy;MANGOKY 5;;
2236;RANDRIAMAHAZO   RETOVONY OLIVIER;M;347265703;Atsimo Andrefana;MANGOKY 5;;
2237;RANDRIANAMBININA  TSIALONINA ERNEST;M;342538659;Itasy;MANGOKY 5;;
2238;RANDRIANARISOA MINOT RATOLOJANAHARY;M;387335634;itasy;MANGOKY 5;;
2239;RANDRIANARIVO THIERRY;M;343320641;Haute Matsiatra;MANGOKY 5;;
2240;RANDRIANIRINA SAMUEL;M;329590085;Betsiboka;MANGOKY 5;;
2241;RATSIMBAZAFY ALDOT F.;M;342685053;Amoron'i Mania;MANGOKY 5;;
2242;RATSIMBAZAFY MAMINIAINA ROBIN;M;348507057;Amoron'i Mania;MANGOKY 5;;
2243;RAVELOMANATOVA NDREMAROLAHY JUINO;M;349189823;Atsimo Atsinanana;MANGOKY 5;;
2244;RAVOHOTSARA DIMAN EDDYNOS;M;346980461;Betsiboka;MANGOKY 5;;
2245;RAZAFINDRAIBE  PIERRE FLAVIEN;M;384363363;Haute Matsiatra;MANGOKY 5;;
2246;RAZAFY  FLEURIS ROVAMAMPIONONA JEAN BAPTISTE;M;345960115;Anosy;MANGOKY 5;;
2247;RAZARASOA IFALIANA V. LOUIS;M;388658385;Haute Matsiatra;MANGOKY 5;;
2248;REMAHAKATSY ARSON;M;382689604;Anosy;MANGOKY 5;;
2249;SOMBINIAIKO TSILIANY ODILON;M;347962661;Atsimo Andrefana;MANGOKY 5;;
2250;TSIEREGNA FENOLILY;M;346715504;Androy;MANGOKY 5;;
2301;MANINDRAZANA ALIDA IRENA;F;341451177;Sofia;MATSIATRA;;
2302;NADIA NADRASANA LUCIANAH;F;341114050;Atsimo Andrefana;MATSIATRA;;
2303;RALINORO HASINA CELINE;F;342110075;Analamanga;MATSIATRA;;
2304;RANDRIANAMPIZATO SOALAZAINA ALIDA;F;343056943;Sofia;MATSIATRA;;
2305;RASOANANTENAINA OLINIRINA M.;F;342206298;Haute Matsiatra;MATSIATRA;;
2306;RAZAFINIRINA NOELA S.;F;34897384;Haute Matsiatra;MATSIATRA;;
2307;SAY AGATHE JUSTIN;F;342918442;Androy;MATSIATRA;;
2308;ANDRIAMAHOLISON F.B.AIME ;M;330464221;Vakinakaratra;MANGOKY 6;;
2309;ANDRIAMBELOZAKAMANANA WILLYS V.;M;348816224;Haute Matsiatra;MANGOKY 6;;
2310;ANDRIANOMENA ROBINSON SAFIDINIAINA;M;329613405;Analamanga;MANGOKY 6;;
2311;ANDRIANTSOA JEAN M.;M;385991032;Haute Matsiatra;MANGOKY 6;;
2312;AVINO JEAN LUC PHILIBERT;M;344277722;Atsimo Atsinanana;MANGOKY 6;;
2313;BASTAN ROLAND;M;345817217;Melaky;MANGOKY 6;;
2314;CHRISTOPHE  HAMED;M;329594698;Diana;MANGOKY 6;;
2315;FENONJANAHARY CLAVER FARANJOARY;M;340402855;Analamanga;MANGOKY 6;;
2316;HASINIRAINY RIJA ARSENE;M;342668374;Haute Matsiatra;MANGOKY 6;;
2317;JO TOVOLAHY ANGUESON HERMAN;M;384403070;Anosy;MANGOKY 6;;
2318;MENDRIKARILANTO MISAHA LUC;M;348241695;Analamanga;MANGOKY 6;;
2319;NDREMODAHY VELONJARA D.;M;347880567;Fitovinany;MANGOKY 6;;
2320;PICOT GAETAN MATHIEU;M;344375760;Analamanga;MANGOKY 6;;
2321;RABARISOA NJATONIAINA;M;344083550;Analamanga;MANGOKY 6;;
2322;RABEARILALA  VONJINIRINA ARMAND J;M;346720038;Analamanga;MANGOKY 6;;
2323;RAFALIMANANA TSIARINDRAINY DENIS J;M;349119355;Haute Matsiatra;MANGOKY 6;;
2324;RAFANOMEZANTSOA  SANTINE;M;383689180;Atsimo Andrefana;MANGOKY 6;;
2325;RAHAJANDRAINY FETISOA DANIEL;M;348693147;Haute Matsiatra;MANGOKY 6;;
2326;RAHARINDRATOVO FABRICE;M;346554781;Antsinanana;MANGOKY 6;;
2327;RAKOTOMENJANAHARY DASANTATRINIAINA TOJOMANANTSOA;M;346936834;Vakinakaratra;MANGOKY 6;;
2328;RAKOTOVELO TENDRISOA LALAINA N.;M;347902600;Analamanga;MANGOKY 6;;
2329;RALAINANDRASANA  SIMON;M;341414569;Atsimo Andrefana;MANGOKY 6;;
2330;RAMAROSANDRATANA ELGAN JOSEPH FREDON;M;348470528;Haute Matsiatra;MANGOKY 6;;
2331;RAMIANDRISOA TANTELY NIRINA F.;M;349581573;Haute Matsiatra;MANGOKY 6;;
2332;RAMIONDRISOA RIVO M;M;386349605;Haute Matsiatra;MANGOKY 6;;
2333;RANDIAMANATENA EDDY VIANNEY;M;348508307;Analanjirofo;MANGOKY 6;;
2334;RANDRIAMANANTENASOA JEAN OLIVIER MAN;M;381334571;Analamanga;MANGOKY 6;;
2335;RANDRIANANDRASANA MAMY VICTOR;M;341085907;Haute Matsiatra;MANGOKY 6;;
2336;RANDRIANANTENAINA  JEAN MICHEL;M;344033833;Analamanga;MANGOKY 6;;
2337;RANDRIANOMENA MPANAZAVA TSARASENTO;M;386405130;Alaotra Mangoro;MANGOKY 5;;
2338;RASOAVINJANAHARY  MAHERISOA SAFIDINANTENAINA RODIN;M;344677342;Alaotra Mangoro;MANGOKY 6;;
2339;RASOLOFONIAINA SAHAZA ANICET;M;345067699;Analamanga;MANGOKY 6;;
2340;RASOLOMANDIMBINIAINA JEAN HUBERT;M;342613056;Vakinakaratra;MANGOKY 6;;
2341;RATOLOJANAHARY HERIZO JACQUIS B.;M;345213402;Amoron'i Mania;MANGOKY 6;;
2342;RATOVOSON DANIEL RAUCHERBERG;M;340648818;Fitovinany;MANGOKY 6;;
2343;RATSIMBAZAFY LOUISON ANDRIANASOLO;M;343994968;Haute Matsiatra;MANGOKY 6;;
2344;ROBERTHOT ZIZINAKA ARISTIDE;M;345849387;Menabe;MANGOKY 6;;
2345;SOLOFONOMENDAZA ALAIN MARIOT;M;342919442;Betsiboka;MANGOKY 6;;
2346;TADA LAURENZO;M;348649305;Analanjirofo;MANGOKY 6;;
2347;TSILAVINA HERIZO VALENTINO;M;342201762;Vakinakaratra;MANGOKY 6;;
2348;TSIMEKY JAFFA ;M;380563497;Ihorombe;MANGOKY 6;;
2349;VONAHIMASIA  ROBIN THEO ;M;345049986;Atsimo andrefana;MANGOKY 6;;
2350;ZARA  G.MANDINY RAY;M;341680570;Atsimo Andrefana;MANGOKY 6;;
2401;MAHAFINARITRA P.FELICIA;F;340995397;Atsimo Andrefana;MATSIATRA;;
2402;MANANA  CYNTHIA  ;F;323862807;sava;MATSIATRA;;
2403;MIANDRISOA RINAH EL'BRISA;F;348008816;Sofia;MATSIATRA;;
2404;MIANTSO FANOMEZANARISOA LALAINA;F;345529273;Analamanga;MATSIATRA;;
2405;RAFALIMANANA SUZANNE ALDINE;F;346428206;Atsimo Atsinanana ;MATSIATRA;;
2406;RASOANIRINA M.ODETTE;F;348679353;Ihorombe;MATSIATRA;;
2407;TSIRESINIRINA AIMEE MARCELLINE;F;348654909;Haute Matsiatra;MATSIATRA;;
2408;ANDRIAMINDRISOA ROJO ;M;345685177;Analamanga;BEMARIVO 2;;
2409;ANDRIANARIVELO MATEZALAZA FABIEN.N;M;329343137;Boeny;BEMARIVO 2;;
2410;ANJARASOA  HASSAN ABDALAIN;M;325133714;Atsimo Andrefana;BEMARIVO 2;;
2411;FANAJANDRAINY VALIMBAVAKA ANICET;M;347421260;Haute Matsiatra;BEMARIVO 1;;
2412;FANDRESENA  R.EDDY;M;348639039;Boeny;BEMARIVO 2;;
2413;FANOMEZANJANAHARY YVES ZOEL;M;344805006;Haute Matsiatra;BEMARIVO 1;;
2414;HARISETA ;M;381623409;Antsinanana;BEMARIVO 1;;
2415;HUGUES ARIANJA DALLY;M;326343071;Betsiboka;BEMARIVO 2;;
2416;LAIAVY MAXIMIN;M;344628461;Atsimo Atsinanana ;BEMARIVO 1;;
2417;LANTONIRINA FANOMEZANTSOA C ;M;345922635;Haute Matsiatra;BEMARIVO 1;;
2418;LOFOARIMANGARIVO AMBOARAMIAINA;M;385365557;Analamanga;BEMARIVO 2;;
2419;MANAHIRA MODESTE LANTO;M;330611647;Atsimo Andrefana;BEMARIVO 2;;
2420;MANANJARA JOSEPH;M;341492801;Boeny;BEMARIVO 2;;
2421;NDRIANIRINA NANDRIANINA NY AINA;M;341307310;Analamanga;BEMARIVO 2;;
2422;RABENDRINA DODATIANA ARISTIDE;M;347738352;Boeny;BEMARIVO 2;;
2423;RAKOTOMARO  MAHERINNTSOA ANDRIANTIANA ALPHONSE;M;340184079;Amoron'i Mania;BEMARIVO 1;;
2424;RAKOTONDRINA JUSTIN;M;388940297;Vakinakaratra;BEMARIVO 1;;
2425;RAKOTONIRINA HENINTSOA PHILBERT ;M;343785272;Analamanga;BEMARIVO 1;;
2426;RAKOTONIRINA JOSE DIEU DONNE;M;383633719;Anosy;BEMARIVO 1;;
2427;RAKOTONIRINA L. SAMOELA;M;381440729;Haute Matsiatra;BEMARIVO 1;;
2428;RAKOTOVAO JEAN DE DIEU.E;M;342993755;Haute Matsiatra;BEMARIVO 1;;
2429;RAMASINANDRIANINA HASINA ;M;349009145;Analamanga;BEMARIVO 1;;
2430;RANDRIAMAMONJISOA  NORBERT;M;383067125;Haute Matsiatra;BEMARIVO 1;;
2431;RANDRIANARISON RIJA FREDO;M;388233967;Haute Matsiatra;BEMARIVO 1;;
2432; ;M;341714246;Itasy;BEMARIVO 2;;
2433;RANDRIANOMENJANAHARY NOMEN DAVIDSON STEVEN;M;344067430;Analamanga;BEMARIVO 2;;
2434;RAOELITINA TANJONA ZOE ALAIN;M;344007766;Alaotra Mangoro;BEMARIVO 1;;
2435;RAOLISON ISA ADINANY;M;381184653;Melaky;BEMARIVO 2;;
2436;RASOLOFO VOLANIAINA ANDRY TIANA;M;340604258;Analamanga;BEMARIVO 1;;
2437;RASOLOFONIAINA  TAHINISOA ALEXIS;M;324250771;Atsimo Andrefana;BEMARIVO 2;;
2438;RAVONINJATOVO  HARENA SAROBIDY;M;348485715;Alaotra Mangoro;BEMARIVO 1;;
2439;RAVONINJATOVO  KASAINA ANJARA S.;M;348621752;Alaotra Mangoro;BEMARIVO 1;;
2440;RAZAFIARISOA CHRISTIAN;M;347278334;Ihorombe;BEMARIVO 2;;
2441;RAZAFIJIOSY ABEL JEAN MICHEL;M;345598292;Atsimo Andrefana;BEMARIVO 2;;
2442;RAZAFIMAHATRADRAIBE JUDICAEL V.;M;387320349;Fitovinany;BEMARIVO 1;;
2443;RAZAFIMANANTSOA MAMITIANA HERY K.;M;346080468;Analamanga;BEMARIVO 1;;
2444;RAZANAJATOVO HERY;M;340664755;Atsimo Andrefana;BEMARIVO 2;;
2445;SIMON RICO ;M;325376916;Boeny;BEMARIVO 2;;
2446;TAFITA  NANDRASANA E.;M;347808809;Haute Matsiatra;BEMARIVO 1;;
2447;TAFITASOA JEAN HERVE;M;349945538;Haute Matsiatra;BEMARIVO 1;;
2448;TAHIRY RANDRIAMARO;M;324868517;Boeny;BEMARIVO 2;;
2449;TATSIHERISON WILLY JERRY PADOUT;M;343307029;Ihorombe;BEMARIVO 1;;
2450;TOVOHASINA TATELINIAINA C;M;347238384;Haute Matsiatra;BEMARIVO 1;;
2501;ANJARAMAMIRATRA A. WELL R.;F;344477503;Atsimo Atsinanana;MATSIATRA;;
2502;FEDANIAINA CLARA HELENE;F;482490503;Atsimo Andrefana;MATSIATRA;;
2503;RAHANTRANARIVO HARILALAINA BIJOUX ROSELINE I.;F;349082706;Fitovinany;MATSIATRA;;
2504;RASOANIRINA MARIE FRANCIA;F;481631948;Amoron'i Mania;MATSIATRA;;
2505;RAVAONANDRASANA ANGELA CATHERINE;F;349835429;Atsimo Andrefana;MATSIATRA;;
2506;VAVISAINA JENITANIA  GLADIS;F;386058802;Boeny;MATSIATRA;;
2507;ANDRIAFENOMANANA FABRICE;M;345270689;Atsimo Andrefana;BEMARIVO 4;;
2508;ANDRIANANJA  PAULIN CHRISTIAN;M;349145873;Haute Matsiatra;BEMARIVO 2;;
2509;ANDRIANATENAINA  RANTO MAMY;M;348045521;Analamanga;BEMARIVO 3;;
2510;ARITSY FENOMILA;M;347017313;Atsimo Atsinanana;BEMARIVO 3;;
2511;BOTO JEAN LUCO;M;381793574;Atsimo Andrefana;BEMARIVO 4;;
2512;ETIENNE   ;M;383288741;Atsimo Atsinanana;BEMARIVO 4;;
2513;FANILOARINONY DHEART;M;342278662;Haute Matsiatra;BEMARIVO 2;;
2514;FANOMEZANTSOA  IAVIZARA R.;M;346460860;Sofia;BEMARIVO 3;;
2515;HARISON  BRUEL SAMMYMA;M;347572375;Analamanga;BEMARIVO 3;;
2516;KOSY MAYEL  FREDDY;M;322755744;Sava;BEMARIVO 4;;
2517;LAHIKOANIRINA NIAVIANJAFY JOACHIN ADELPHE;M;341281468;Haute Matsiatra;BEMARIVO 3;;
2518;MANJATO ENIO;M;346203241;Sava;BEMARIVO 4;;
2519;MIHANTA HARIVOLOLONA HOBITIANA ANGELA;M;346411481;Analamanga;BEMARIVO 3;;
2520;RAFALINIAINANIONY NATOKY ADOLPHE;M;348614764;Vakinakaratra;BEMARIVO 4;;
2521;RAHERINAIVO SETRA NOTAHIANA;M;381462499;Betsiboka;BEMARIVO 4;;
2522;RAJAONARISON HENINTSOA HERILALAINA;M;348631071;Analamanga;BEMARIVO 3;;
2523;RAJAONARISON TOLOTRINIAVO;M;343362956;Analamanga;BEMARIVO 3;;
2524;RAJAONARIVELO  JEANSON PAULINAUX;M;325904736;Melaky;BEMARIVO 4;;
2525;RAKOTOARISON J.DOMINIQUE;M;343351727;Betsiboka;BEMARIVO 4;;
2526;RAKOTOMAMONJY ERIC ;M;389274602;Analamanga;BEMARIVO 3;;
2527;RAKOTONAIVO  MICKAEL ;M;341808893;Ihorombe;BEMARIVO 4;;
2528;RAKOTONIRINA NANTENAINA PASCAL;M;347968122;Haute Matsiatra;BEMARIVO 3;;
2529;RAKOTONISAINANA STEPHAN J. DE S.C.;M;348312639;Analamanga;BEMARIVO 2;;
2530;RAKOTOSON JULIO CASTRO M;M;322184425;Atsimo Andrefana;BEMARIVO 4;;
2531;RALAHITSIOTA SAMUELSON ARLY;M;346821987;Atsimo Andrefana;BEMARIVO 4;;
2532;RAMAROZAKATIANA TOKY H.;M;385861609;Analamanga;BEMARIVO 3;;
2533;RAMIANDRISOA SIMON D. ;M;380561206;Haute Matsiatra;BEMARIVO 3;;
2534;RAMIANDRISON NJAKA FANOMEZANTSOA;M;342970660;Alaotra Mangoro ;BEMARIVO 2;;
2535;RANARISON ANDRINIAINA GAETAN;M;349730010;Vakinakaratra;BEMARIVO 3;;
2536;RANDRIAMALALA MICHAEL TSILAVINA;M;343662756;Analamanga;BEMARIVO 3;;
2537;RANDRIAMANDIMBISON NJAKARISA;M;348046254;Alaotra Mangoro ;BEMARIVO 2;;
2538;RANDRIANAMBININA JEAN PAUL;M;341505207;Haute Matsiatra;BEMARIVO 3;;
2539;RANDRIANAMBININA MAMPISENTO FAUSTIN;M;340961787;Fitovinany;BEMARIVO 3;;
2540;RANDRIANANTOANINA ARSENE FAUSTIN ;M;337964440;Analamanga;BEMARIVO 3;;
2541;RANDRIANARISON TOKY ARIEL;M;348147263;Analamanga;BEMARIVO 3;;
2542;RASON TIAVINA FAHENDRENA GABRIEL;M;340364152;Analamanga;BEMARIVO 3;;
2543;RATOVONJANAHARY  MIORASOA MAHOLIMAHATOKY B. ;M;347908401;Vakinakaratra;BEMARIVO 3;;
2544;RAZAFIMAHERY BIENVENU ANTOINE BELL C.;M;348955956;Vatovavy;BEMARIVO 3;;
2545;RAZAFINIAINA  FABIEN ;M;342005169;Atsimo Andrefana;BEMARIVO 4;;
2546;RAZAFITSIALEFITRA RIJA LEON;M;328911191;Atsimo Atsinanana;BEMARIVO 4;;
2547;SOLOFONIRINA WILLIAM OMOLO;M;325441938;Fitovinany;BEMARIVO 3;;
2548;TAHINJANAHARY MALALANIRINA R.;M;344478875;Haute Matsiatra;BEMARIVO 3;;
2549;TIAVINANTENAINA RADO MIHARIZO;M;389510691;Analamanga;BEMARIVO 3;;
2550;TSITANDRA  EUGENE;M;389620831;Atsimo Andrefana;BEMARIVO 4;;
2601;HARISOA CHRISTIANE;F;349719710;Androy;MATSIATRA;;
2602;MALAZA  PRISHILLA FLOROSAT;F;325689910;Atsimo andrefana ;MATSIATRA;;
2603;MANANJARA IRENE;F;342305737;Sava;MATSIATRA;;
2604;MANANORO LARYS CELINE;F;340443179;Haute Matsiatra;MATSIATRA;;
2605;MIRAISOA HELICIENNE ANASTASIE;F;320279093;Vangaindrano;MATSIATRA;;
2606;RANDRIAMAMPIONONA MASITOKY FLORENCIA;F;349371383;Atsimo Atsinana;MATSIATRA;;
2607;RAVAOARISOA MAMITIANA;F;344439204;Haute Matsiatra;MATSIATRA;;
2608;ALLAOUI MAHAMED  ;M;328474872;Boeny;MANANARA 1;;
2609;ANDRIAMBOLOLONA FETRA GIDEONA;M;349988467;Itasy;MANANARA 1;;
2610;ANDRIANATOAVINA  O.MERCI;M;342946652;Haute Matsiatra;BEMARIVO 4;;
2611;ANDRIANJAFIANDRAVAHA CHILLY PRUDHOMME DE L'OR YAN KELLY;M;342787522;Atsimo andrefana ;MANANARA 2;;
2612;ANDRIANOMENJANAHARY EMILIEN.A;M;344105097;Haute Matsiatra;MANANARA 1;;
2613;AVISOA  ETIRINDRAZA AURELIEN BOGOS;M;326421617;Atsimo Andrefana;MANANARA 2;;
2614;BERLIER  ULRICH SCNEIDER;M;387541182;Analamanga;MANANARA 1;;
2615;FANEVAAROMANDA DIMBINIAINA CEDRIC OCEANO;M;343315132;Haute Matsiatra;MANANARA 1;;
2616;HASINJANAHARY PATRICK MICHEL;M;341008005;Haute Matsiatra;BEMARIVO 4;;
2617;HOLITAHINIAVO JOHARY ANDRISOA;M;347265485;Haute Matsiatra;MANANARA 1;;
2618;MAHAVOTRINIRINA DIEU DONNE;M;342215979;Atsimo Andrefana;MANANARA 2;;
2619;NDRIARIVO V. M.URBAIN;M;348650020;Atsimo andrefana;MANANARA 2;;
2620;RAFALIMANANA JEAN WILSON;M;344838033;Alaotra Mangoro;BEMARIVO 4;;
2621;RAFANOMEZANTSOA F.FIDELE;M;331528737;Haute Matsiatra;MANANARA 1;;
2622;RAHAJARISOA V.LOVANIAINA;M;342332223;Haute Matsiatra;MANANARA 2;;
2623;RAINIZAFINDRAMIERA ELDIN RIVALDHINO;M;324756546;Boeny;MANANARA 2;;
2624;RAKOTOARIVELO  SOLOMAMINIAINA STEPHANE;M;348994831;Itasy;MANANARA 1;;
2625;RAKOTONIRINA MAMY ARLICE BRILLANT;M;383116756;Haute Matsiatra;MANANARA 2;;
2626;RAKOTOZANDRY NANTENAINIARIMOMA;M;344364302;Haute Matsiatra;BEMARIVO 4;;
2627;RAMAMONJY. A L. ISMAEL;M;326020103;Manakara;MANANARA 1;;
2628;RAMBELOSON N. RUPHIN;M;341992266;Itasy;MANANARA 1;;
2629;RAMILY  HERILALA JERRY FARATINA;M;340131493;Toliara;MANANARA 1;;
2630;RANAIVOELINA  FALIHERIMALALA;M;348877124;Analamanga;MANANARA 1;;
2631;RANAIVOSON  RAHERIMANJAKA RAOUL ABEL;M;349670683;Fitovinany;MANANARA 1;;
2632;RANDRIAMIANDRISOA  MAHORITRA ANTONIO.D;M;344535268;Haute Matsiatra;MANANARA 1;;
2633;RANDRIAMITSIRY HARENTSOA FREGINO;M;388233340;Itasy;MANANARA 1;;
2634;RANDRIANANADRASANA  FRANCOIS;M;343773189;Haute Matsiatra;MANANARA 1;;
2635;RANDRIANIRINA HARIVOLOLONA TSIFERANA;M;342009896;Haute Matsiatra;MANANARA 1;;
2636;RANJATOHARIVELO A.A. JONSON;M;346163965;Analamanga;MANANARA 1;;
2637;RASOLOFO NIRINA CHRISTIAN;M;343461939;Anosy;BEMARIVO 4;;
2638;RASOLOFOMANDIMBY NAINA HERJY;M;324094484;Betsiboka;MANANARA 2;;
2639;RASOLONANDRASANA  ROBERTHIN;M;345836789;Boeny;MANANARA 2;;
2640;RASOLONIAINA JOSE MICKAEL ;M;342789034;Alaotra Mangoro;BEMARIVO 4;;
2641;RATEFIARISON MANITRA NOMENJANAHARY;M;322470357;Analamanga;MANANARA 2;;
2642;RAVELOJAONA TANTELINIAINA;M;334580805;Analamanga;MANANARA 1;;
2643;RAZAFIMAMONJY MANITRARIVO ERIC;M;346258033;Analamanga;MANANARA 1;;
2644;RAZAFIMANARINA FERNAND ;M;340314680;Analamanga;MANANARA 1;;
2645;RAZAFINDRABE  NAMBININTSOA JEAN LUCAH;M;344558093;Alaotra Mangoro;BEMARIVO 4;;
2646;TIRELY MANDIMBISON;M;341810340;Atsimo Andrefana;MANANARA 2;;
2647;TSIHINDINY TEFINIAINA ERIC MBOLATIANA;M;322470357;Anosy;MANANARA 1;;
2648;TSIMIANKINDAHY JEAN LOCISTE;M;341030281;Fitovinany;BEMARIVO 4;;
2649;VAHANIAINA TIANJANAHARY M.I.;M;346241391;Haute Matsiatra;BEMARIVO 4;;
2650;VELONJARA LUCAS.A;M;342942797;Atsimo Andrefana;MANANARA 2;;
2701;MAROVAVY JEANNE NORBETINE;F;345678669;Haute Matsiatra;MATSIATRA;;
2702;RAFIDINARIVO RANTONIAINA KEZIA;F;382954013;Analamanga;MATSIATRA;;
2703;RAHERIMAMPIONONA LALANDE P;F;345461988;Haute Matsiatra;MATSIATRA;;
2704;RALAIFARASOA FANIRY PATTY;F;344671637;Analamanga;MATSIATRA;;
2705;TEFINIAVO DERA BENJAMIN;F;347470161;Atsimo Atsinanana;MATSIATRA;;
2706;TSIRINIAINA  ESPERENCE ;F;384202122;Vakinakaratra;MATSIATRA;;
2707;ANDRIAMAHEFA GEBIN RODRIGUE;M;342164213;Bongolava;MANANARA 3;;
2708;ANDRIAMAHEFA HASINA PATRICK;M;389430525;Haute Matsiatra;MANANARA 3;;
2709;ANDRIAMAMPIANDRA MAMINIAINA DESIRE;M;347397782;Amoron'i Mania;MANANARA 2;;
2710;ANDRIANANTENAINA PATRICK V.;M;343049245;Haute Matsiatra;MANANARA 3;;
2711;ANDRIATSIDIKA EMILIO J B;M;343786778;Haute Matsiatra;MANANARA 3;;
2712;ANDRIATSOA NIRINA L C;M;348191992;Haute Matsiatra;MANANARA 4;;
2713;CLAIRISE ;M;325165817;Betsiboka;MANANARA 4;;
2714;FANJAVANIAINA ARMEL.E;M;331413092;Atsimo Andrefana;MANANARA 3;;
2715;FARALAHY  ;M;346144697;Atsimo Andrefana;MANANARA 3;;
2716;FENITRINIONY ANDRIANARISOA ERIC;M;344946369;Haute Matsiatra;MANANARA 2;;
2717;HASINANOMENJANAHARY WATCH GREGORY;M;348442961;Haute Matsiatra;MANANARA 3;;
2718;MAHAVANY  BEZAKA VELOMANORO;M;328195605;Fitovinany;MANANARA 3;;
2719;MANAGNONATSE ROBERTO;M;336845004;Androy;MANANARA 4;;
2720;PRISCO ;M;383804086;Sava;MANANARA 4;;
2721;RABENARIVELO NDRANTO NARINDRA HENINTSOA;M;340181887;Alaotra Mangoro;MANANARA 2;;
2722;RABESATA ANDRIAMIHAJA;M;346386554;Analamanga;MANANARA 3;;
2723;RAHERINOMENJANAHARY GEORGINOT ARMELIN;M;346500700;Atsimo Atsinanana;MANANARA 3;;
2724;RAJAONARIVONY TSILAVINA FREDERICKO;M;340295116;Amoron'i Mania;MANANARA 3;;
2725;RAKOTOARIMANANA ANDO NOMENA MANOELA;M;344533115;Analamanga;MANANARA 3;;
2726;RAKOTONAVALONA MAC JUDE ;M;349481185;Analamanga;MANANARA 3;;
2727;RAKOTONIRINA FENOHERY  ;M;349756457;Vakinakaratra;MANANARA 3;;
2728;RALAINANDRASANA  BRANGELOT;M;346407603;Atsimo Andrefana;MANANARA 4;;
2729;RAMIANDRISOA IARILALANIRINA ANJARAKO;M;348222154;Amoron'i Mania;MANANARA 3;;
2730;RANDRIAMANAMPISOA RAVAKINIAINA FELIX;M;347538357;Vakinakaratra;MANANARA 3;;
2731;RANDRIAMIHAJA  JACQUES MICHEL;M;346068875;Vakinakaratra;MANANARA 4;;
2732;RANDRIANANTENAINA  MAMPITSANGA HILAIRE;M;381657260;Ihorombe;MANANARA 2;;
2733;RANDRIANANTENAINA  MENDRIKINIAINA R.;M;381199680;Boeny;MANANARA 4;;
2734;RANDRIANARISON FANOMEZANTSOA M.;M;345314338;Analamanga;MANANARA 3;;
2735;RANDRIANJAFIMANANA H.TOKY;M;340729837;Itasy;MANANARA 4;;
2736;RANDRIATOJOSOA D.D RAPHAEL;M;389757932;Haute Matsiatra;MANANARA 3;;
2737;RASAOTRA ARISOA M.J.;M;343012622;Haute Matsiatra;MANANARA 3;;
2738;RATOVOARIVONY TAMBINEKENA TSIAHIANA;M;344430289;Alaotra Mangoro;MANANARA 2;;
2739;RAVOHARISOA SANDA;M;382725072;Alaotra Mangoro;MANANARA 2;;
2740;RAZAFIMAMONJY MAHAFALY;M;344449247;Haute Matsiatra;MANANARA 3;;
2741;RAZAIARIMANANA ANTONIO L.;M;343999279;Atsimo Andrefana;MANANARA 4;;
2742;RASOLONJATOVO LOVASOA X;M;341724884;Haute Matsiatra;MANANARA 2;;
2743;RELANJAHY NOASAOTSY I J;M;337026268;Atsimo Andrefana;MANANARA 4;;
2744;SIDILAH MICHEL ROLLAND;M;322849296;Vatovavy;MANANARA 4;;
2745;TIANDRENY ELODIE H.G.;M;342991025;;MANANARA 4;;
2746;TOLOTRA NOMENJANAHARY F.N.;M;347689027;Menabe;MANANARA 2;;
2747;TOVONANTENAINA THEOGENE;M;340630832;Atsimo Andrefana;MANANARA 4;;
2748;TSILEFESA TODISOA TSILAVINA ESPERE;M;344015344;Menabe;MANANARA 3;;
2749;TSIMIRA ;M;341481958;Androy;MANANARA 4;;
2750;ZARANAINA JOCELYN;M;380783563;Sofia;MANANARA 4;;
2801;BAKOLY N. VICTORINE;F;347485649;Haute Matsiatra;MATSIATRA;;
2802;MIARISOA  CHRISTELLE HERIMALALA;F;384413839;Analamanga;MATSIATRA;;
2803;NOMENDRAGNAHARY LYDIA;F;348480382;Menabe;MATSIATRA;;
2804;RAFANOMEZANTSOA  A.JACQUELAS;F;324611531;Sofia;MATSIATRA;;
2805;RASOANANDRASANA SANDRINE NESTORINE;F;342656617;Ihorombe;MATSIATRA;;
2806;RAVELONARIVONIAINA MIRANA ANSELME;F;347230102;Haute Matsiatra;MATSIATRA;;
2807;RAZAFIMAMONJY FLAVIANA MARIE F.D.;F;346821156;Analamanga;MATSIATRA;;
2808;ALBIN JEAN FABRICE;M;347196194;Menabe;LAC  ITASY  2;;
2809;ANDRIAMAMPIANDRA MAMINIAINA J. V ;M;349239826;Vakinakaratra;LAC  ITASY  2;;
2810;ANDRIAMANANDRAY KELLY;M;348635210;Analamanga;LAC  ITASY  2;;
2811;ANDRIAMIHAJA FINARITRA   FANDRESENA;M;349480555;Analamanga;LAC  ITASY  2;;
2812;ANDRIANAIVO MANDAMAMISOA;M;345678274;Amoron'i Mania;LAC  ITASY  2;;
2813;ANDRIANTSARA JULIOS;M;337895489;Fitovinany;LAC  ITASY  2;;
2814;ANDRIARILAZA TOLOJANAHARY  FANIRISOA;M;341271768;Itasy;LAC  ITASY  2;;
2815;ANDRIATAINA HERVAIS JEAN DULIQUE;M;347977238;Atsimo Andrefana;LAC  ITASY  2;;
2816;ANDRINIAINA  G.ALBERT;M;345662204;Haute Matsiatra;LAC  ITASY  2;;
2817;ANJARASOA  TANTELIARINDIMBY TADIDY JULIEN PATRICK;M;326579312;Amoron'i Mania;LAC  ITASY  2;;
2818;CARMEL M. HARLEY;M;346547572;Vatovavy;LAC  ITASY  2;;
2819;FENOHASINA  ANDRY MICHEL;M;346959704;Atsimo Andrefana;LAC  ITASY  2;;
2820;HAJARISOA JEREMY;M;328784965;Sofia;LAC  ITASY  2;;
2821;HARIMAMY V.F.ANTONIO;M;341028909;Haute Matsiatra;LAC  ITASY  2;;
2822;HARISOA  JAMES JACKLYNO;M;347148904;Alaotra Mangoro;MANANARA 4;;
2823;HASINA  BIRA EUGIDIO MARC;M;385582090;Sofia;LAC  ITASY  2;;
2824;HERINIAINA JEAN  FLORENT;M;344514294;;LAC  ITASY  2;;
2825;INDRIANJAFY NIRINA JEAN MARC;M;345414461;Analamanga;LAC  ITASY  2;;
2826;KALEKO ARSON ADRIEN;M;345534578;Atsimo Andrefana;LAC  ITASY  2;;
2827;LALAONIRINA ESTELLE ROLANDE;M;348598381;Toliara;LAC  ITASY  2;;
2828;MAMINAINA HERINTSOA JEAN DANI;M;348416914;Haute Matsiatra;LAC  ITASY  2;;
2829;MAMPISOA TSIRESY JEAN RUPHIN;M;380822205;Vakinakaratra;MANANARA 4;;
2830;MORAMANA R.D.MARLIN;M;320607562;Boeny;LAC  ITASY  2;;
2831;NIRILANTOSOA TANJONA ;M;341876069;Analamanga;LAC  ITASY  2;;
2832;RABARIVELO LOVASOA SOLOMON;M;347481700;Amoron'i Mania;LAC  ITASY  2;;
2833;RANDRIAFENO HERINJAKA TIANA E;M;381498166;Haute Matsiatra;LAC  ITASY  2;;
2834;RANDRIAMAHASAMBOZAFY  ANDRIAMAMONJY ISIDORE;M;344663669;Alaotra Mangoro;LAC  ITASY  2;;
2835;RANDRIANAIVO  FENO NOELY FITAHIANA;M;346808012;Alaotra Mangoro;MANANARA 4;;
2836;RANDRIANARIMANANA M.JULIEN;M;329580933;Analamanga;LAC  ITASY  2;;
2837;RANJOHANINARIVO ROLJHON NICO;M;384057623;Analamanga;LAC  ITASY  2;;
2838;RASOLOHANITRINIAINA MAMSON DE LA VIE;M;344380085;Fitovinany;LAC  ITASY  2;;
2839;RAZAFIMAHATRADRAIBE JEAN FLORENT;M;344309923;Haute Matsiatra;MANANARA 4;;
2840;RAZAFINDRAIBE  DAVID ERNEST;M;346952407;Alaotra Mangoro;MANANARA 4;;
2841;RAZAFINDRAKOTOSON OKACHA S.;M;345949942;Antsinanana;LAC  ITASY  2;;
2842;RAZAFINDRAVELO  RYAZ MAMILASSE;M;343548521;Analanjirofo;LAC  ITASY  2;;
2843;RAZAFINTSOA ONJANIRINA  FLAVIEN;M;346238055;Haute Matsiatra;LAC  ITASY  2;;
2844;REMANEVE ;M;336238611;Androy;LAC  ITASY  2;;
2845;ROBERTO FLORENT ;M;329416857;Boeny;LAC  ITASY  2;;
2846;TAFITALIMPIAINANA TENDRINIRIKO V.;M;389265024;Haute Matsiatra;LAC  ITASY  2;;
2847;TAFITANIAINA MICHAEL SIMON;M;333872453;Haute Matsiatra;LAC  ITASY  2;;
2848;TEMAHITA ERIC BOBA;M;385142086;Atsimo Atsinanana;MANANARA 4;;
2849;TOVONAY HENRIE SALOMON;M;389745772;Atsimo Andrefana;LAC  ITASY  2;;
2850;ZAFIMANDIMBY MAMINIAINA PAUL;M;345726048;Haute Matsiatra;LAC  ITASY  2;;
3201;AINA  MALALA ANITA;F;325104684;Boeny;MATSIATRA;;
3202;ANDRIAZAFIMAHAZO CROUSITA;F;346902938;Farafangana;MATSIATRA;;
3203;FANIRISOA  ARINJAKA ;F;341454176;Haute Matsiatra;MATSIATRA;;
3204;MIJAHARISOA MELODIE;F;344093182;Atsimo Atsinanana;MATSIATRA;;
3205;RABEMANANJARA LOVASOA FLAVIENNE;F;381244720;Analamanga;MATSIATRA;;
3206;RAKOTONIRINA SENTONARINDRA LEONIE;F;341775829;Haute Matsiatra;MATSIATRA;;
3207;RAZAFIMAHAFALY  ZARASOA GLORIA;F;340443272;Atsimo Atsinanana;MATSIATRA;;
3208;ALEXIS DOMINIQUE  ;M;345847396;Atsimo Atsinanana;LAC  ITASY  3;;
3209;ANDRIAMAZAORO NIEL FREDDY;M;340807384;Menabe;LAC  ITASY  3;;
3210;ANDRIANALISOA MIZARA FIFALIANA RASLOVE;M;324672655;Amoron'i Mania;LAC  ITASY  3;;
3211;ANDRIANANDRASANA  JEAN CHARLES TRANQUILIN;M;346396490;Ihorombe;LAC  ITASY  3;;
3212;ANDRIANJAKA TOLOTRINIAINA;M;486267474;Analamanga;LAC  ITASY  3;;
3213;ANDRINIRINA ARLIN;M;349523559;Alaotra Mangoro;LAC  ITASY  3;;
3214;BESOLOSON  ELICO;M;329356247;Analanjirofo;LAC  ITASY  2;;
3215;FAMOLOMANDRENIBENY ;M;346854946;Ihorombe;LAC  ITASY  3;;
3216;FIACRE MAHASENDRA D.;M;344704601;Ihorombe;LAC  ITASY  3;;
3217;MAEVAHARISSON ANDONIAINA JESSY ALPHA M.;M;345763482;Boeny;LAC  ITASY  3;;
3218;MANOSOKARIVO RELEFO;M;337303022;Androy;LAC  ITASY  3;;
3219;MAROZOKY LIVA ;M;342672968;Sofia;LAC  ITASY  3;;
3220;OLIVIER  GYNOLLA STEVIE A.;M;;Tulear;LAC  ITASY  3;;
3221;RABEMANANTSOA  HARITIANA ROLLAND;M;332539614;Analamanga;LAC  ITASY  3;;
3222;RABEMANANTSOA  LOVATIANA ANGELO FABIEN.J;M;343408244;Haute Matsiatra;LAC  ITASY  3;;
3223;RABENANDRASANA  DIEU DONNE WILLIAM;M;321865023;Boeny;LAC  ITASY  3;;
3224;RABENANDRASANA  JEAN ORHEL;M;346148155;Diana;LAC  ITASY  3;;
3225;RABENARY JEAN FIDEL ;M;344541334;Sofia;LAC  ITASY  3;;
3226;RAFANOMEZANTSOA  LAHIAVY  N. JEAN HONDIRON;M;345020095;Ihorombe;LAC  ITASY  3;;
3227;RAFIDSON TOKINIAINA JULIO R.;M;341466555;Fitovinany;LAC  ITASY  3;;
3228;RAHERY NANTENAINA STALY;M;343225602;Melaky;LAC  ITASY  3;;
3229;RAKOTOMAHEFA TAHIRINIAINA ETIENNE;M;341839592;Ihorombe;LAC  ITASY  3;;
3230;RAKOTONDRAFARA NOMENAFITAHIANA JOSEPH;M;341394416;Itasy;LAC  ITASY  3;;
3231;RAKOTONDRAMANANA MAMISOA TANTELY;M;346778840;Analamanga;LAC  ITASY  3;;
3232;RALANTOARITIANA LOVA MANDIMBISON;M;347316128;Amoron'i Mania;LAC  ITASY  3;;
3233;RAMASINDRAZANA  BONNET;M;349251021;Sofia;LAC  ITASY  3;;
3234;RANDRIAMAHOLISON STITRAKINIAINA N;M;344074435;Analamanga;LAC  ITASY  3;;
3235;RANDRIAMANAINA HARINJARA LUCAS;M;346793204;Fitovinany;LAC  ITASY  3;;
3236;RANDRIANAMBININA JACQUES ULYSSE;M;328132000;Diana;LAC  ITASY  3;;
3237;RANDRIANAMBININA ODILON  ;M;327586847;Atsimo Andrefana;LAC  ITASY  3;;
3238;RANDRIANANMBININA BEANJARA B;M;344015304;Atsimo Andrefana;LAC  ITASY  3;;
3239;RANDRIANANTENAINA  ANDREAS B.A;M;343403819;Atsimo Atsinanana;LAC  ITASY  3;;
3240;RANDRIANANTENAINA  PHILIPPE CHRISTIAN;M;381148206;Atsimo Atsinanana;LAC  ITASY  3;;
3241;RANDRIANJANAHARY RAJAONINA KEVAIN;M;320633669;Toamasina;LAC  ITASY  2;;
3242;RASOLONIRINA JOEL SALOMON;M;388296970;Itasy;LAC  ITASY  3;;
3243;RAVELOSOA JEAN RUSSEL;M;344999211;Analanjirofo;LAC  ITASY  3;;
3244;RAZAFIARISON LOVANOIAINA FLORENT;M;345734730;Haute Matsiatra;LAC  ITASY  3;;
3245;ROMARIC REBASY;M;349781712;Amoron'i Mania;LAC  ITASY  3;;
3246;SELAMANANA STIDIEN;M;346010362;Antsinanana;LAC  ITASY  3;;
3247;SOLODANAY ROMEO;M;347687591;Ihorombe;LAC  ITASY  3;;
3248;TAHINTSOA TANTELY.N;M;347634666;Amoron'i Mania;LAC  ITASY  2;;
3249;TIANDRAZA AUGUSTIN ;M;343653716;Atsimo Andrefana;LAC  ITASY  3;;
3250;TOTOHELY RAZAFIMAHATSARA JUVENAL;M;322884092;Sava;LAC  ITASY  3;;
3301;FIARETANA JOSEPHINE;F;385928844;Analamanga;MATSIATRA;;
3302;LANTONIAINA MARIE NADIA;F;332054436;Itasy;MATSIATRA;;
3303;LOVASOA NOMENJANAHARY CANDY M.E.;F;341050087;Atsimo Andrefana;MATSIATRA;;
3304;RANDRIAMIHAJA  NIRISOA PIERRETTE MICHELA M. T.;F;345662866;Haute Matsiatra;MATSIATRA;;
3305;RASOAMIARANA DANOMBAVY JUDILAS;F;344075387;Sofia;MATSIATRA;;
3306;RAVOLOLONIRINA AMBININJANAHARY S.;F;380700893;Haute Matsiatra;MATSIATRA;;
3307;TALILISOA ADELAIDE ELIENNE;F;326490213;Atsimo Atsinanana;MATSIATRA;;
3308;ABBAS BYN LEONARD;M;343800030;Fitovinany;LAC  ITASY  4;;
3309;ANDRIAMALALATIANA YVES LANDOH;M;345444284;Haute Matsiatra;LAC  ITASY  4;;
3310;ANDRIAMAROVAO HARIMANANA ROMARLYS;M;347876663;Sofia;LAC  ITASY  4;;
3311;ANDRIAMASINONY ZAFY MAHATRATRA JOSEPH;M;381697799;Fitovinany;LAC  ITASY  4;;
3312;ANDRIAMIHAJA JUSTIN;M;346753420;Menabe;LAC  ITASY  4;;
3313;ANDRIAMIHARY CHARLES ROBERTO;M;349270055;Ihorombe;LAC  ITASY  4;;
3314;ANDRIANARISOA FANANTENANA RONALDINO;M;348640917;Analamanga;LAC  ITASY  4;;
3315;HERINIAINA JULIOS SALVADOR;M;328931748;Boeny;LAC  ITASY  4;;
3316;MONJA  MIARENASOA;M;;Androy;AMBOROMALANDY S.3;;
3317;NASOAVINIAVO ;M;348190677;Alaotra Mangoro;LAC  ITASY  4;;
3318;RAHARINIRIANA HERITIANA N FRIDA;M;348589796;Analamanga;LAC  ITASY  4;;
3319;RAHERIMANJATO NASANDRATRINIANA FENOSOA GAETAN;M;345274893;Bongolava;LAC  ITASY  4;;
3320;RAJAOHARISON MOREL FERDINAND;M;349688583;Haute Matsiatra;LAC  ITASY  5;;
3321;RAKOTOARIMANANA TOJO EDMOND;M;326518412;Itasy;LAC  ITASY  4;;
3322;RAKOTOMALALA  SOLONIAINA  JEAN PATRICK;M;340672598;Analamanga;LAC  ITASY  4;;
3323;RAKOTOMANGA  NY HERY FITAHIANA.D;M;345185636;Manakara;LAC  ITASY  4;;
3324;RAKOTONDRAMARA GILBERT ;M;349710517;Atsimo Atsinanana;LAC  ITASY  4;;
3325;RAKOTONIRINA FANAMBINANTSOA DJIMI PASCALIN;M;388627654;Fitovinany;LAC  ITASY  4;;
3326;RAKOTONIRNA ALLAN HEROS;M;382749939;Anosy;LAC  ITASY  4;;
3327;RAKOTOVOAVY J.LOVATIANA;M;342749935;Analamanga;LAC  ITASY  4;;
3328;RALALATIANA  LUCAS S.;M;345366733;Haute Matsiatra;LAC  ITASY  4;;
3329;RALANDIMANANA R.TOAVINA;M;342103388;Vakinakaratra;LAC  ITASY  4;;
3330;RAMANOSONA  GILBERT ;M;346217913;Amoron'i Mania;LAC  ITASY  4;;
3331;RAMAPIARINA  GLADIS WELLY;M;342405135;Atsimo Atsinanana;LAC  ITASY  4;;
3332;RAMBELOSON RIGOBERT N.;M;346362675;Fnerive Est;AMBOROMALANDY S.3;;
3333;RAMEHEFASOA MANDA HASINIONY;M;342929506;Haute Matsiatra;LAC  ITASY  4;;
3334;RANAIVOALISON MIARIFENO ;M;328015708;Analamanga;LAC  ITASY  4;;
3335;RANDRIAMAHALEO INDREAS J.F.;M;327033860;Boeny;LAC  ITASY  4;;
3336;RANDRIANARIMALALA FY TIA NAJAINA.E;M;342749937;Analamanga;LAC  ITASY  4;;
3337;RANDRIANASINAMBININA LOUIS ROMIALD ;M;326360063;Boeny;LAC  ITASY  4;;
3338;RANDRIANASOLO  RONALDO R.;M;349032791;Ihorombe;LAC  ITASY  4;;
3339;RANDRIANATENAINA  TODISOA J ROBERTHO;M;326646785;Vakinakaratra;LAC  ITASY  4;;
3340;RATOJONIRIANA FANANTENANANA BRUNO;M;342624174;Analamanga;LAC  ITASY  4;;
3341;RAZAFIMAGNAHA SERAPHIN ODON;M;387185493;Atsimo Atsinanana;LAC  ITASY  4;;
3342;RAZAFIMAHATRATRA HAJDJID ADONIS;M;327569364;Boeny;LAC  ITASY  4;;
3343;RAZAFIMANDIMBY  MBOLANIRINA MARCO;M;342159859;Ihorombe;LAC  ITASY  4;;
3344;RAZAFIMANDIMBY  TSILAVINA MANDIMBISON;M;349420395;Atsimo Andrefana;LAC  ITASY  4;;
3345;RAZAFIMANDIMBY  VICTOR DALLY CELESTIN;M;342911880;Atsimo Andrefana;LAC  ITASY  4;;
3346;RAZAFIMBOTO ZAY ANGATAHY GILBERT;M;343730316;Sofia;LAC  ITASY  4;;
3347;ROLLANDSON STEPHANE;M;348865860;Atsimo Andrefana;LAC  ITASY  4;;
3348;TOLOJANAHARY SAFIDINIAINA EMMANUEL;M;344485171;Ihorombe;LAC  ITASY  4;;
3349;TSIRIMALALA ANDRITIANA J.;M;346572353;Haute Matsiatra;LAC  ITASY  4;;
3350;ZAINAMBININA ODILON  ;M;345862839;Fitovinany;LAC  ITASY  4;;
3401;ANDRIANTSOAVINA NOMENA FITIAVANA;F;347238212;Analamanga;SOFIA 5;;
3402;FANJARA NARINDRA YANNICK;F;382157580;Ihorombe;MATSIATRA;;
3403;FANOMEZANTSOA  URENE;F;345386986;Antsinanana;MATSIATRA;;
3404;MAMINIAINA VATOSOA BRUALDA;F;329791999;;SOFIA 5;;
3405;RASOARIMANGA MARIE HELENE ;F;343739717;Menabe;SOFIA 5;;
3406;RAZAFIMAHATRATRA MALALANIRINA FITAHIANA;F;382541916;Haute Matsiatra;MATSIATRA;;
3407;RAZAKATIANA IAVOTRA NANTENAINA;F;383339092;Vakinakaratra;MATSIATRA;;
3408;ABOU  ISMAEL EDSON;M;346843745;Sofia;AMBOROMALANDY S.3;;
3409;ANDRIAMIHARILALA TAHIRY F.;M;348401106;Haute Matsiatra;LAC  ITASY  5;;
3410;ANDRIANANDRAINA  HAJATIANA CAMILLE;M;346204689;Anosy;LAC  ITASY  5;;
3411;ANDRIANARIMANANA CLAUDE PATRICK;M;344517007;Analamanga;LAC  ITASY  5;;
3412;ANDRIANTSOA YVES CONSTATIN;M;342979885;Ihorombe;LAC  ITASY  5;;
3413;ANDRIATAHINA HASINA TSILAVINA;M;347056173;Atsimo Atsinanana;LAC  ITASY  5;;
3414;FALINIRINA NOMENJANAHARY JEAN RICO;M;341866794;Analamanga;LAC  ITASY  5;;
3415;FANDRESENA  MAMY ANDRIANINA;M;347056109;Vakinakaratra;LAC  ITASY  5;;
3416;JEAN DE DIEU  FANOMEZANTSOA MICHEL O.;M;342777045;Atsimo Andrefana;LAC  ITASY  5;;
3417;LAHINIRIKO CARLOS A.;M;385939226;Anosy;LAC  ITASY  5;;
3418;MAHAFALY  MARIUS ARNAUD;M;346686939;Boeny;LAC  ITASY  5;;
3419;MBOHITA ;M;341929969;Atsimo Andrefana;AMBOROMALANDY S.3;;
3420;MONJASON FANOMENJANAHARY JOCELIN;M;346963143;Ihorombe;LAC  ITASY  5;;
3421;RABENIRINA  ALAIN BIENVENU;M;342881899;Alaotra Mangoro;LAC  ITASY  5;;
3422;RADO HAJAMAMPIANDRA ROLLAND EF.;M;382017655;Haute Matsiatra;LAC  ITASY  5;;
3423;RAHERIMAMPIONONA TOLOTRA NIRINA ;M;343916067;Analamanga;LAC  ITASY  5;;
3424;RAKOTOMALALA  FANIRY JUNOT;M;346513260;Manakara;LAC  ITASY  5;;
3425;RAKOTOMALALA GILBERTO;M;433699337;Boeny;LAC  ITASY  5;;
3426;RAKOTONANAHARY F. NY VOARY;M;349671976;Analamanga;LAC  ITASY  5;;
3427;RAKOTONDRASOA  RADO NANTENAINA ESTEL;M;342360686;Analamanga;LAC  ITASY  5;;
3428;RAKOTONIRINA  JEAN BIENVENUE;M;346412696;Analamanga;LAC  ITASY  5;;
3429;RALAITSIZAFY MARTIN ;M;341617086;Ihorombe;LAC  ITASY  5;;
3430;RALAIZAFY FREDERIC OLDER.R;M;349021947;Toliara;LAC  ITASY  5;;
3431;RAMAROLAHY  TOKINIAINA AUGUSTIN;M;383569117;Amoron'i Mania;LAC  ITASY  5;;
3432;RAMBELOMANANA TINOT;M;347870951;Boeny;LAC  ITASY  5;;
3433;RANDRIAMAHEFA  ALIMANANTSOA RAPHAEL;M;344006473;Analamanga;LAC  ITASY  5;;
3434;RANDRIANATOANDRO BRUNO;M;348582464;Atsimo Andrefana;LAC  ITASY  5;;
3435;RANDRIANOTAHIANA FANOMEZANTSOA;M;347533609;Analamanga;LAC  ITASY  5;;
3436;RASAFINDRAINY NOMENJANAHARY;M;342865350;Haute Matsiatra;LAC  ITASY  5;;
3437;RAZAFIMBOAHANGY PIERROT CLERMONT;M;339710133;Atsimo Andrefana;LAC  ITASY  5;;
3438;RAZAFINDRATSIRA TSIORNIRINA DOMINIQUE PHILEMON;M;349085015;Analamanga;LAC  ITASY  5;;
3439;RAZAFITSIALA FERIZO;M;329400151;Betsiboka;AMBOROMALANDY S.3;;
3440;RAZANAKOTO FABRIO ALPHONSE;M;348492165;Menabe;LAC  ITASY  5;;
3441;RIJANANTENAINA JEAN CLAUDE  ;M;345696411;Haute Matsiatra;LAC  ITASY  5;;
3442;ROBERTINO MANOROVELO;M;347747632;Atsimo Andrefana;AMBOROMALANDY S.3;;
3443;SADAM JEAN HAMED LOUIS RODIN;M;340475490;Ihorombe;LAC  ITASY  5;;
3444;SAFIDINIAINA ELITHON WHUILLICE;M;347266484;Sofia;LAC  ITASY  5;;
3445;TODIZARA YVON ELINOT TSIVINIRANA;M;349133515;Boeny;LAC  ITASY  5;;
3446;TOKINIAINA JOSE MICHEL;M;347693457;Haute Matsiatra;LAC  ITASY  5;;
3447;TOMBOLAZA  STEPHANO;M;326191903;Diana;LAC  ITASY  5;;
3448;TSARAZARA B.L.DALHIAS;M;349177771;Antsinanana;LAC  ITASY  5;;
3449;VALINCA RANAIVOSOA;M;344961535;Analanjirofo;LAC  ITASY  5;;
3450;VITASOA ELLI BERTHO;M;385480937;Boeny;LAC  ITASY  5;;
3501;HERINANTENAINA ONJA OMEGA;F;348425674;Menabe;SOFIA 6;;
3502;HOVASOA ;F;349213626;Anosy;SOFIA 6;;
3503;RABEARISOA  JEANNE  PASCALINE;F;344661655;Antsinanana;SOFIA 5;;
3504;RAHASIMBOLOLONA BRENDASANTI;F;346077654;Analamanga;SOFIA 6;;
3505;RAMAHATONGA JULIE LEONTINE;F;342427605;Atsimo Atsinanana;SOFIA 6;;
3506;RAZAFINIMARO HARIVOLA MARIETTE;F;341550269;Ihorombe;SOFIA 5;;
3507;ROZILINA POETTE;F;322669332;Menabe;SOFIA 6;;
3508;ANARINIAINA N. HARINANTENAINA;M;347843631;Analamanga;AMBOROMALANDY S.3;;
3509;ANDRIAMAHERISOA MIORA JEAN CHRYS;M;389624932;Analamanga;AMBOROMALANDY S.3;;
3510;ANDRIAMBINIMANANA BENJANIRINA  ;M;341852427;Amoron'i Mania;AMBOROMALANDY S.3;;
3511;ANDRIAMBOLATIANA  JEAN ROLLAND;M;381924504;Analamanga;AMBOROMALANDY S.3;;
3512;ANDRIAMPARANY HERY FITAHIANA;M;388513536;Analamanga;AMBOROMALANDY S.3;;
3513;ANDRIANARIJAONA  ANDRY NIRINA ;M;324498134;Amoron'i Mania;AMBOROMALANDY S.3;;
3514;FAHAMARO FLEURY ARMANDO;M;344250862;Atsimo Andrefana;AMBOROMALANDY S.3;;
3515;HAJASOANIRINA JOSE  H;M;349360126;Vatovavy;AMBOROMALANDY S.3;;
3516;HERIHARISON ANDRY NIRINA ;M;345996303;Betsiboka;AMBOROMALANDY S.3;;
3517;HIANDRINIAINA LIVIO;M;344050588;Alaotra Mangoro;AMBOROMALANDY S.3;;
3518;MAKA  ;M;381965507;Atsimo Andrefana;AMBOROMALANDY S.3;;
3519;MANDIMBISOA RICHARD;M;340749013;Amoron'i Mania;AMBOROMALANDY S.3;;
3520;NAMBININTSOA JEAN LUCIANOT ;M;340390353;Antsinanana;AMBOROMALANDY S.3;;
3521;NY AVANA RABENATOANINA;M;344244756;Melaky;AMBOROMALANDY S.3;;
3522;RABEZANAHARY RABENOSY MAMY;M;345172145;Alaotra Mangoro;AMBOROMALANDY S.3;;
3523;RAFANATERANA AFANY DILMOND;M;342791216;Menabe;AMBOROMALANDY S.3;;
3524;RAFIMANAMPY HERINILAINA RIJASOA;M;347982135;Amoron'i Mania;AMBOROMALANDY S.3;;
3525;RAHARINANTENAINA VALISOA DAMI M.;M;344391199;Analamanga;AMBOROMALANDY S.3;;
3526;RAJAONARIVONY JEAN REMI;M;341065420;Sofia;AMBOROMALANDY S.3;;
3527;RAKOTOMALALA LANTOSOA N.;M;345235284;Vakinakaratra;AMBOROMALANDY S.3;;
3528;RAKOTOMANANA VOLA DINA ANDREAS;M;348560297;Analamanga;AMBOROMALANDY S.3;;
3529;RAKOTONDRAFARA  ;M;345728790;Boeny;AMBOROMALANDY S.3;;
3530;RAKOTONIRINA JACQUOT.N;M;348545579;Atsimo Andrefana;AMBOROMALANDY S.3;;
3531;RAMBOLASOA NANTENAINA NALISON FREDERIC;M;344453821;Analamanga;AMBOROMALANDY S.3;;
3532;RAMIANDRISOA BRUNO;M;346039928;Atsimo Andrefana;AMBOROMALANDY S.3;;
3533;RAMINONIRINA MANAMPISOA ERICA;M;343204525;Vakinakaratra;AMBOROMALANDY S.3;;
3534;RAMPANJATO VOLOHERY JOHN;M;337304393;Amoron'i Mania;AMBOROMALANDY S.3;;
3535;RANAIVOSON HASINA NARINDRA;M;345155737;Amoron'i Mania;AMBOROMALANDY S.3;;
3536;RANDRIAMAHANDRINOMENJANAHARY T.GERARD;M;349967711;Haute Matsiatra;AMBOROMALANDY S.3;;
3537;RANDRIAMANANTENA  TOKY SIMON;M;347324408;Haute Matsiatra;AMBOROMALANDY S.3;;
3538;RANDRIAMANANTENA J.HERMAN;M;330501961;Analamanga;AMBOROMALANDY S.3;;
3539;RANDRIAMIRASAMANANA FRANCOPIS THIOLAND;M;345701652;Analamanga;AMBOROMALANDY S.3;;
3540;RANDRIANANTSOAVINA JOSE  ;M;342821971;Alaotra Mangoro;AMBOROMALANDY S.3;;
3541;RANOAVIMANANA L.JACQUINOS;M;347704012;Maroantsetra;AMBOROMALANDY S.3;;
3542;RASOLOHERINIAINA NOMENJANAHARY D.;M;341165418;Amoron'i Mania;AMBOROMALANDY S.3;;
3543;SOLONIAINA NAIVOSON DANIEL;M;347131338;Diana;AMBOROMALANDY S.3;;
3544;TIANDRAIKO EVARISTE ;M;329185272;Androy;AMBOROMALANDY S.3;;
3545;TINA VONINAHITRA M;M;345097245;Amoron'i Mania;AMBOROMALANDY S.3;;
3546;TOJONIRINA  A.N.HERINAMBININA;M;342612381;Bongolava;AMBOROMALANDY S.3;;
3547;TOLOJANAHARY  TIAVINA JOACHIN;M;388957903;Alaotra Mangoro;AMBOROMALANDY S.3;;
3548;TSARAMIHARY BRAVO  ;M;388957946;Atsimo Andrefana;AMBOROMALANDY S.3;;
3549;TSARASOA  JEAN ELIA;M;387170223;Sofia;AMBOROMALANDY S.3;;
3550;VALISOA CHRISTIAN;M;340781801;Amoron'i Mania;AMBOROMALANDY S.3;;
3601;KAMAMY ADELA NAHASOA;F;325000218;Ihosy;SOFIA 8;;
3602;RABESAHARISON  ONISOA VOLOLONIAINA ;F;321859674;Boeny;SOFIA 8;;
3603;RAHARIMALALA F.OLIVIER;F;384185723;Vakinakaratra;SOFIA 7;;
3604;RAZAFINDRAKOTO FARASOANIRINA V;F;341623379;Ihorombe;SOFIA 7;;
3605;RAZANADRAFARA ROSELINE;F;347498460;Menabe;SOFIA 7;;
3606;TODISOA  NAMPIANJANAHARY;F;348853881;Amoron'i Mania;SOFIA 7;;
3607;ANDRIAFANOMEZANTSOA MBOLANIRINA A;M;344045344;Amoron'i Mania;AMBOROMALANDY S.3;;
3608;ANDRIAMAHAY AVISOA  NJIVA FANIRY;M;348414059;Analamanga;AMBOROMALANDY S.3;;
3609;ANDRIAMAHAZO  NOMENA SAROBIDY DANIEL;M;341256856;Analamanga;AMBOROMALANDY S.3;;
3610;ANDRIAMPARANY BALIOT;M;344160803;Atsimo Andrefana;AMBOROMALANDY S.3;;
3611;ANDRIANANTENAINA DAVID ;M;349284775;Amoron'i Mania;AMBOROMALANDY S.3;;
3612;ANDRINAINA  ASTINO;M;341865307;Atsimo Atsinanana;AMBOROMALANDY S.3;;
3613;DAMY M.JEAN CRI;M;338141094;Androy;AMBOROMALANDY S.3;;
3614;ETHIENNE THEODORE;M;346093124;Atsimo Andrefana;AMBOROMALANDY S.3;;
3615;FAMENONTSOA TOKINIAINA.R;M;341393153;Alaotra Mangoro;AMBOROMALANDY S.3;;
3616;FANANTENANA  TOKY FIFALIANA;M;346971080;Analamanga;AMBOROMALANDY S.3;;
3617;ISANDRATRY TSILERISON CHARLY;M;341390348;Antsinanana;AMBOROMALANDY S.3;;
3618;JAO TAFARA OMAR;M;320413372;Sava;AMBOROMALANDY S.4;;
3619;NAHARINDRAHOVA BLAISE WILLIAM LYDIANO;M;349431012;Boeny;AMBOROMALANDY S.3;;
3620;NOMENJANAHARY ELINO G;M;342413864;Atsimo Andrefana;AMBOROMALANDY S.3;;
3621;RABESAOTRA RAJOTIANA MICKAEL;M;342711217;Analamanga;AMBOROMALANDY S.3;;
3622;RAFALISOANAMBELO S.GEORGE;M;333464656;Amoron'i Mania;AMBOROMALANDY S.3;;
3623;RAHAJAMANANA ALDORIEN EUGENE;M;381713475;Analanjirofo;AMBOROMALANDY S.3;;
3624;RAHERIVELO TOVONIAINA FANANTENANA;M;346281485;Amoron'i Mania;AMBOROMALANDY S.3;;
3625;RAKOTOARISOA  ALAIN;M;389479267;Toamasina;AMBOROMALANDY S.3;;
3626;RAKOTOARISON  TOAVINA VALISOA;M;338278767;Itasy;AMBOROMALANDY S.3;;
3627;RAKOTOARIVELO  NDRIATSIFERANA;M;342188982;Amoron'i Mania;AMBOROMALANDY S.3;;
3628;RAKOTOARIVELO  T.TSARASOLO;M;328098102;Betsiboka;AMBOROMALANDY S.3;;
3629;RAKOTOMALALA JIMIORO SYLVAIN;M;343100953;Analamanga;AMBOROMALANDY S.3;;
3630;RAKOTONIAINA  J. MARINOT;M;346335294;Amoron'i Mania;AMBOROMALANDY S.3;;
3631;RAKOTOZAFY MIJORO JEAN.B;M;340777180;Atsimo Andrefana;AMBOROMALANDY S.3;;
3632;RAMAHANDRISOA ELIDOT;M;345138413;Antsinanana;AMBOROMALANDY S.3;;
3633;RAMANANJARA FERNANDO A.;M;347940898;Atsimo Atsinanana;AMBOROMALANDY S.4;;
3634;RAMANGASANDRATANA NAJORO MAMINIRINA;M;345513388;Amoron'i Mania;AMBOROMALANDY S.3;;
3635;RANDRIAMIRADO JEAN NILAINA;M;341077229;Betsiboka;AMBOROMALANDY S.3;;
3636;RANDRIANARISOA  ANJARA I;M;382529390;Amoron'i Mania;AMBOROMALANDY S.3;;
3637;RANDRIANONIHARIMANGA VOARINANTENAINA ROJO IDA;M;382077774;Amoron'i Mania;AMBOROMALANDY S.3;;
3638;RANDRIATAFIKA ANTONIO;M;321996939;Sofia;AMBOROMALANDY S.3;;
3639;RANDRIATAFITA JACQUES HERNANDEZ;M;384212969;Sofia;AMBOROMALANDY S.3;;
3640;RAZAFIMAHATRATRA TOVONANTENAINA;M;388925714;Analamanga;AMBOROMALANDY S.3;;
3641;REVAIGNA TOKIARIVOLA GINOT ESPERANT;M;342963132;Haute Matsiatra;AMBOROMALANDY S.3;;
3642;RIJANIAINA AUGUSTIN ;M;342221645;Vakinakaratra;AMBOROMALANDY S.3;;
3643;SADROUDINE  KEVIN ;M;389800083;Sofia;AMBOROMALANDY S.3;;
3644;SOLOFONIRINA NIRINDRAIBE J D D;M;340263787;Amoron'i Mania;AMBOROMALANDY S.3;;
3645;TAFITANOMENJANAHARY JEAN PASCAL;M;349296030;Haute Matsiatra;AMBOROMALANDY S.3;;
3646;TODIMASINIAINA LOMARIO JOSIANIS;M;333319729;Boeny;AMBOROMALANDY S.3;;
3647;TOJONDRAIBE JEAN D C;M;387381401;Amoron'i Mania;AMBOROMALANDY S.3;;
3648;VOGNEMANA ;M;333319729;Androy;AMBOROMALANDY S.3;;
3649;VORY VALEUR TODISOA ;M;327077338;Boeny;AMBOROMALANDY S.3;;
3650;ZAFIMBOLA  FIADANA FRANCISCO;M;387255117;Atsimo Andrefana;AMBOROMALANDY S.3;;
3701;JORORAMAMPIANDRANAMBININA VAHATRINIAINA A D;F;341402666;Haute Matsiatra;SOFIA 10;;
3702;RAKOTONDRAZAKA MINOAVOZARA ROVASOA;F;343224171;Analamanga;SOFIA 10;;
3703;RASOANANDRASANA ELIANE;F;382277797;Ihorombe;SOFIA 8;;
3704;RASOANIRINA MARIE JEANNE;F;342480312;Haute Matsiatra;SOFIA 8;;
3705;RAZANAPARANY BEATRICE JUSTIN;F;345446924;Menabe;SOFIA 9;;
3706;TSANGANDRAZANA VALISTINE;F;388450699;Boeny;SOFIA 9;;
3707;ANDRIAMIFIDY FANDRESENA JACQUELY;M;340155579;Analamanga;AMBOROMALANDY S.4;;
3708;ANDRIAMIHANINA  YVES ETIENNE SOLEIL ;M;387158811;Itasy;AMBOROMALANDY S.4;;
3709;ANDRIANAMBININKERY ZAKA DIEU DONNE;M;389722039;Atsimo Atsinanana;AMBOROMALANDY S.4;;
3710;ANDRINIAINA  LANTIEL K.;M;345129148;Atsimo Andrefana;AMBOROMALANDY S.4;;
3711;ANDRISOA NJAKATIANA;M;349753267;Analanjirofo;AMBOROMALANDY S.4;;
3712;BOTOMEJY RABENDRAFO;M;340812363;Atsimo Atsinanana;AMBOROMALANDY S.4;;
3713;FENOHERY FANDRESENA HUBERTOS;M;346518086;Atsimo Atsinanana;AMBOROMALANDY S.4;;
3714;JEAN PAUL FERDINAND;M;324334550;Atsimo Andrefana;AMBOROMALANDY S.4;;
3715;JOSLIN ;M;341657060;Atsimo Atsinanana;AMBOROMALANDY S.4;;
3716;JULIO RACHID;M;325090902;Boeny;AMBOROMALANDY S.4;;
3717;KOSITRAE AMED;M;384523180;Atsimo Andrefana;AMBOROMALANDY S.4;;
3718;LAHINIRIKO JOELSON FREDERIC;M;341618466;Atsimo Andrefana;AMBOROMALANDY S.4;;
3719;MAGNINA  RAZAFINDRAMAKA ;M;340809423;Analamanga;AMBOROMALANDY S.4;;
3720;MAHAGNONIRINA ANDRINIAINA JACQUINOT.Z;M;328533385;Menabe;AMBOROMALANDY S.4;;
3721;MAMINIAINA FERNANDO STANISLAS;M;342888893;Analamanga;AMBOROMALANDY S.4;;
3722;MANANJARA  SYLVAIN MODESTE;M;341533198;Melaky;AMBOROMALANDY S.4;;
3723;MANANJARA BENIT SALOMONE;M;349379638;Atsimo Atsinanana;AMBOROMALANDY S.4;;
3724;NOMENJANAHARY MAMINIAINA ISMAEL ODOLPHE;M;389988339;Analamanga;AMBOROMALANDY S.4;;
3725;RABENANDRASANA  ALAIN PATRICK;M;349162138;Atsimo Atsinanana;AMBOROMALANDY S.4;;
3726;RAFALIMANANA ROMEONILO JURESSE;M;344880554;Atsimo Atsinanana;AMBOROMALANDY S.4;;
3727;RAHERINIAINA ERIKO ALEX;M;349365027;Atsimo Atsinanana;AMBOROMALANDY S.4;;
3728;RAKOTOARIVAO LALASOA;M;348203253;Analamanga;AMBOROMALANDY S.4;;
3729;RAKOTONINDRAINY HARISAONA MAROARILALA;M;325647662;Amoron'i Mania;AMBOROMALANDY S.4;;
3730;RAKOTONOMENJANAHARY ALAIN DONALD FERRIER;M;336204180;Sakaraha;AMBOROMALANDY S.4;;
3731;RAMAHEFAMANANA TOLOTRINIAINA MATIO;M;385565502;Analamanga;AMBOROMALANDY S.4;;
3732;RAMAMIARISON STEPHAN;M;340714675;Boeny;AMBOROMALANDY S.4;;
3733;RAMAMONJISOA HERY HASINA NIAINA;M;343215701;Analamanga;AMBOROMALANDY S.4;;
3734;RAMAMONJY JEAN ;M;345165877;Haute Matsiatra;AMBOROMALANDY S.4;;
3735;RANDRIAMBELONA  RAVO MANJAKA;M;344693223;Analamanga;AMBOROMALANDY S.4;;
3736;RANDRIAMIAJA LAURIENT;M;348047228;Toamasina;AMBOROMALANDY S.4;;
3737;RANDRIAMIHARIMANANA LADIMBOLA;M;348111810;Alaotra Mangoro;AMBOROMALANDY S.4;;
3738;RANDRIANARISOA  MAHEFA TIANA;M;345789555;Analamanga;AMBOROMALANDY S.4;;
3739;RANDRIANASY  FANOMEZANTSOA TOKY;M;349686753;Analamanga;AMBOROMALANDY S.4;;
3740;RANDRIANJAFY VOHAVY;M;343895562;Ihorombe;AMBOROMALANDY S.4;;
3741;RANDRIATODY RITAPHA STENNIO;M;347134530;Vatovavy;AMBOROMALANDY S.4;;
3742;RANJALAHY DENIS ARNOT;M;343341562;Tulear;AMBOROMALANDY S.4;;
3743;RAOSOLONIRINA  NANTENAINA GAETAN;M;343984550;Analamanga;AMBOROMALANDY S.4;;
3744;RATELO   SOLONDRAIBE ELIOT;M;344084511;Vatovavy;AMBOROMALANDY S.4;;
3745;RAVELOMIHAJA  ERIC FREDEL;M;349041281;Sofia;AMBOROMALANDY S.4;;
3746;RAZAFINDRATOMBO HARENA GERMAIN;M;344573888;Sofia;AMBOROMALANDY S.4;;
3747;RAZANAME TIERRS GERARD PRIVA;M;341211935;Antsinanana;AMBOROMALANDY S.4;;
3748;RENE EDIERS XAVIER;M;342130988;Atsimo Atsinanana;AMBOROMALANDY S.4;;
3749;RWASSAN NAH HAD CANDAS;M;383872832;Fitovavy;AMBOROMALANDY S.4;;
3750;TOJOSOA . A  PATRICK;M;349395134;Itasy;AMBOROMALANDY S.4;;
3801;ANDRIAMIHARIMBOAHANGY VONISOA;F;380891509;Vakinakaratra;SOFIA 9;;
3802;DINA  VALISOA NATACHA;F;345125532;Amoron'i Mania;SOFIA 9;;
3803;FELANJANAHARY MANITRARIVO TOUTOU U.;F;347924686;Menabe;SOFIA 10;;
3804;NANTENAIKO MELINAH PELIANE;F;324110835;Menabe;SOFIA 10;;
3805;RAFANOMEZANA  LEONIE ;F;340906660;Haute Matsiatra;SOFIA 10;;
3806;RAZAFINDRAZAKA  F.MICKAELLA;F;342028549;Analamanga;SOFIA 9;;
3807;RAZANADRAMBAHY  F.MERCIA;F;349760426;Analamanga;SOFIA 8;;
3808;ANDRIAMAHARO RICHARD;M;345169077;Atsimo Andrefana;AMBOROMALANDY S.4;;
3809;ANDRIANARSON ERIC ;M;346002069;Analamanga;AMBOROMALANDY S.4;;
3810;ANDRIANIRINA  HARENA FITIAVANA;M;341788052;Analamanga;AMBOROMALANDY S.4;;
3811;ANDRIANJA ARNAUD FELIX;M;344014493;Fitovinany;AMBOROMALANDY S.4;;
3812;ANDRINIRINA STEPHANO R.;M;349418031;Fitovinany;AMBOROMALANDY S.4;;
3813;BINY DANSO MEDAE DIARY;M;342147552;Atsimo Andrefana;AMBOROMALANDY S.4;;
3814;HENJANY FINOMA MOROSE;M;348595607;Atsimo Atsinanana;AMBOROMALANDY S.4;;
3815;IMPANO EGEBIO;M;348316668;Analanjirofo;AMBOROMALANDY S.4;;
3816;IRCHAD SAMBALIS;M;328695137;Melaky;AMBOROMALANDY S.4;;
3817;JAOHITA PAULBERT;M;344283092;Sofia;AMBOROMALANDY S.4;;
3818;JAX MITERAN ;M;386039285;Menabe;AMBOROMALANDY S.4;;
3819;JIAH HARIMANA GABRIEL;M;347777852;Fitovinany;AMBOROMALANDY S.4;;
3820;JOHNSON ANDRIARIMANANA FRANCIS;M;349815365;Analamanga;AMBOROMALANDY S.4;;
3821;MAHENINTSOA TENDRY NASANDRATRA;M;388079998;Analamanga;AMBOROMALANDY S.4;;
3822;MAMENOHAHY JEAN NOEL ;M;328878436;Diana;AMBOROMALANDY S.4;;
3823;MAMILAZA THEOGENE VASILY;M;387655008;Diana;AMBOROMALANDY S.4;;
3824;MANANA  ANDRIAMANJAKA;M;349974621;Vatovavy;AMBOROMALANDY S.4;;
3825;MANANETO NAH HORATIEN;M;340971845;Fitovinany;AMBOROMALANDY S.4;;
3826;MANIRY ETIENNE;M;334154150;Vatovavy;AMBOROMALANDY S.4;;
3827;MANJATOMANANA BOTO JEAN REMI;M;345164535;Atsimo Atsinanana;AMBOROMALANDY S.4;;
3828;PATRICK  JULIEN TAFITA KIBORINY;M;389420007;Melaky;AMBOROMALANDY S.4;;
3829;RABEFANANANA NARINDRA ASRAPHE;M;341918963;Sofia;AMBOROMALANDY S.4;;
3830;RAFIDISON  ANGELIOT SER. E.;M;382586975;Androy;AMBOROMALANDY S.4;;
3831;RAKOTO FARALAHY JEAN L. P.;M;341556623;Fitovinany;AMBOROMALANDY S.4;;
3832;RAKOTONANDRASANA  HANITRINIAINA DENIS BRUNO;M;344145243;Betsiboka;AMBOROMALANDY S.4;;
3833;RALAIARINOSY RADO MICHEL;M;342255972;Analamanga;AMBOROMALANDY S.4;;
3834;RAMAHAFALY C.RONALDO;M;349653136;Sofia;AMBOROMALANDY S.4;;
3835;RAMANALINARIVO D.MICHEL;M;344840090;Fitovinany;AMBOROMALANDY S.4;;
3836;RANDRIAMANJAKA HERINIAINA DIEU DONNE;M;341043035;Tulear;AMBOROMALANDY S.4;;
3837;RANDRIAMIAROTIANA AVOTRINIAINA EMILIN;M;343720439;Itasy;AMBOROMALANDY S.4;;
3838;RANDRIAMIHAJA  JEAN DANIEL;M;344732391;Sofia;AMBOROMALANDY S.4;;
3839;RANDRIAMORA HARIME ELIODA;M;341943083;Alaotra Mangoro;AMBOROMALANDY S.4;;
3840;RANDRIANAMBINITSOA TOLOTRA LOVASOA;M;338351431;Vakinakaratra;AMBOROMALANDY S.4;;
3841;RANDRIANATOANDRO M.FRANCLIN;M;348303666;Haute Matsiatra;AMBOROMALANDY S.4;;
3842;RATOVOARISON CLARK PASCAL;M;349687445;Itasy;AMBOROMALANDY S.4;;
3843;RAZAFIMAHEFA  ERNEST.R;M;387400182;Tulear;AMBOROMALANDY S.4;;
3844;RAZAFIRAVOMAHEFA D'ASSIN I A;M;349710201;Atsimo Atsinanana;AMBOROMALANDY S.4;;
3845;RAZANANDRAIBE MITONDRASOA S. M;M;345374860;Fitovinany;AMBOROMALANDY S.4;;
3846;SANTATRINIAINA JEAN BRUNO;M;348665056;Haute Matsiatra;AMBOROMALANDY S.4;;
3847;SARELINA NALAINA CLINTON;M;344717396;Analanjirofo;AMBOROMALANDY S.4;;
3848;TOVONDRAY FANJANIRIKO ALEXANDROS;M;329269827;Atsimo Andrefana;AMBOROMALANDY S.4;;
3849;TSIORY M.PIERRE;M;326366225;Boeny;AMBOROMALANDY S.4;;
3850;ZAFINDRABINY ELIAS.;M;385352949;Fitovinany;AMBOROMALANDY S.4;;
